Campaign,Ad Group,Keyword,Criterion Type,Max CPC,Final URL,Campaign Status,Ad Group Status,Status,Comment
SZ_Search_BayArea_Core,Near Me Repair,sub zero repair near me,Exact,40.00,https://appliancepros.netlify.app/subzero/,Enabled,Enabled,Enabled,Sub-Zero Repair Near Me | Exact
SZ_Search_BayArea_Core,Near Me Repair,sub zero repair near me,Phrase,40.00,https://appliancepros.netlify.app/subzero/,Enabled,Enabled,Enabled,Sub-Zero Repair Near Me | Phrase
SZ_Search_BayArea_Core,Near Me Repair,sub zero service near me,Exact,40.00,https://appliancepros.netlify.app/subzero/,Enabled,Enabled,Enabled,Sub-Zero Repair Near Me | Exact
SZ_Search_BayArea_Core,Near Me Repair,sub zero service near me,Phrase,40.00,https://appliancepros.netlify.app/subzero/,Enabled,Enabled,Enabled,Sub-Zero Repair Near Me | Phrase
SZ_Search_BayArea_Core,Near Me Repair,sub zero refrigerator repair near me,Exact,40.00,https://appliancepros.netlify.app/subzero/,Enabled,Enabled,Enabled,Sub-Zero Repair Near Me | Exact
SZ_Search_BayArea_Core,Near Me Repair,sub zero refrigerator repair near me,Phrase,40.00,https://appliancepros.netlify.app/subzero/,Enabled,Enabled,Enabled,Sub-Zero Repair Near Me | Phrase
SZ_Search_BayArea_Core,Near Me Repair,sub zero technician near me,Exact,40.00,https://appliancepros.netlify.app/subzero/,Enabled,Enabled,Enabled,Sub-Zero Repair Near Me | Exact
SZ_Search_BayArea_Core,Near Me Repair,sub zero technician near me,Phrase,40.00,https://appliancepros.netlify.app/subzero/,Enabled,Enabled,Enabled,Sub-Zero Repair Near Me | Phrase
SZ_Search_BayArea_Core,Near Me Repair,who repairs sub zero near me,Exact,40.00,https://appliancepros.netlify.app/subzero/,Enabled,Enabled,Enabled,Sub-Zero Repair Near Me | Exact
SZ_Search_BayArea_Core,Near Me Repair,who repairs sub zero near me,Phrase,40.00,https://appliancepros.netlify.app/subzero/,Enabled,Enabled,Enabled,Sub-Zero Repair Near Me | Phrase
SZ_Search_BayArea_Core,Near Me Repair,sub zero appliance repair near me,Exact,40.00,https://appliancepros.netlify.app/subzero/,Enabled,Enabled,Enabled,Sub-Zero Repair Near Me | Exact
SZ_Search_BayArea_Core,Near Me Repair,sub zero appliance repair near me,Phrase,40.00,https://appliancepros.netlify.app/subzero/,Enabled,Enabled,Enabled,Sub-Zero Repair Near Me | Phrase
SZ_Search_BayArea_Core,Refrigerator Repair,sub zero refrigerator repair,Exact,36.00,https://appliancepros.netlify.app/subzero/,Enabled,Enabled,Enabled,Sub-Zero Fridge Repair | Exact
SZ_Search_BayArea_Core,Refrigerator Repair,sub zero refrigerator repair,Phrase,36.00,https://appliancepros.netlify.app/subzero/,Enabled,Enabled,Enabled,Sub-Zero Fridge Repair | Phrase
SZ_Search_BayArea_Core,Refrigerator Repair,repair sub zero refrigerator,Exact,36.00,https://appliancepros.netlify.app/subzero/,Enabled,Enabled,Enabled,Sub-Zero Fridge Repair | Exact
SZ_Search_BayArea_Core,Refrigerator Repair,repair sub zero refrigerator,Phrase,36.00,https://appliancepros.netlify.app/subzero/,Enabled,Enabled,Enabled,Sub-Zero Fridge Repair | Phrase
SZ_Search_BayArea_Core,Refrigerator Repair,fix sub zero refrigerator,Exact,36.00,https://appliancepros.netlify.app/subzero/,Enabled,Enabled,Enabled,Sub-Zero Fridge Repair | Exact
SZ_Search_BayArea_Core,Refrigerator Repair,fix sub zero refrigerator,Phrase,36.00,https://appliancepros.netlify.app/subzero/,Enabled,Enabled,Enabled,Sub-Zero Fridge Repair | Phrase
SZ_Search_BayArea_Core,Refrigerator Repair,sub zero fridge repair,Exact,36.00,https://appliancepros.netlify.app/subzero/,Enabled,Enabled,Enabled,Sub-Zero Fridge Repair | Exact
SZ_Search_BayArea_Core,Refrigerator Repair,sub zero fridge repair,Phrase,36.00,https://appliancepros.netlify.app/subzero/,Enabled,Enabled,Enabled,Sub-Zero Fridge Repair | Phrase
SZ_Search_BayArea_Core,Refrigerator Repair,sub zero refrigerator service,Exact,36.00,https://appliancepros.netlify.app/subzero/,Enabled,Enabled,Enabled,Sub-Zero Fridge Repair | Exact
SZ_Search_BayArea_Core,Refrigerator Repair,sub zero refrigerator service,Phrase,36.00,https://appliancepros.netlify.app/subzero/,Enabled,Enabled,Enabled,Sub-Zero Fridge Repair | Phrase
SZ_Search_BayArea_Core,Refrigerator Repair,sub zero fridge service,Exact,36.00,https://appliancepros.netlify.app/subzero/,Enabled,Enabled,Enabled,Sub-Zero Fridge Repair | Exact
SZ_Search_BayArea_Core,Refrigerator Repair,sub zero fridge service,Phrase,36.00,https://appliancepros.netlify.app/subzero/,Enabled,Enabled,Enabled,Sub-Zero Fridge Repair | Phrase
SZ_Search_BayArea_Core,Freezer Repair,sub zero freezer repair,Exact,36.00,https://appliancepros.netlify.app/subzero/,Enabled,Enabled,Enabled,Sub-Zero Freezer Repair | Exact
SZ_Search_BayArea_Core,Freezer Repair,sub zero freezer repair,Phrase,36.00,https://appliancepros.netlify.app/subzero/,Enabled,Enabled,Enabled,Sub-Zero Freezer Repair | Phrase
SZ_Search_BayArea_Core,Freezer Repair,sub zero freezer service,Exact,36.00,https://appliancepros.netlify.app/subzero/,Enabled,Enabled,Enabled,Sub-Zero Freezer Repair | Exact
SZ_Search_BayArea_Core,Freezer Repair,sub zero freezer service,Phrase,36.00,https://appliancepros.netlify.app/subzero/,Enabled,Enabled,Enabled,Sub-Zero Freezer Repair | Phrase
SZ_Search_BayArea_Core,Freezer Repair,sub zero freezer technician,Exact,36.00,https://appliancepros.netlify.app/subzero/,Enabled,Enabled,Enabled,Sub-Zero Freezer Repair | Exact
SZ_Search_BayArea_Core,Freezer Repair,sub zero freezer technician,Phrase,36.00,https://appliancepros.netlify.app/subzero/,Enabled,Enabled,Enabled,Sub-Zero Freezer Repair | Phrase
SZ_Search_BayArea_Core,Freezer Repair,fix sub zero freezer,Exact,36.00,https://appliancepros.netlify.app/subzero/,Enabled,Enabled,Enabled,Sub-Zero Freezer Repair | Exact
SZ_Search_BayArea_Core,Freezer Repair,fix sub zero freezer,Phrase,36.00,https://appliancepros.netlify.app/subzero/,Enabled,Enabled,Enabled,Sub-Zero Freezer Repair | Phrase
SZ_Search_BayArea_Core,Freezer Repair,sub zero freezer repair near me,Exact,36.00,https://appliancepros.netlify.app/subzero/,Enabled,Enabled,Enabled,Sub-Zero Freezer Repair | Exact
SZ_Search_BayArea_Core,Freezer Repair,sub zero freezer repair near me,Phrase,36.00,https://appliancepros.netlify.app/subzero/,Enabled,Enabled,Enabled,Sub-Zero Freezer Repair | Phrase
SZ_Search_BayArea_Core,Freezer Repair,sub zero freezer service near me,Exact,36.00,https://appliancepros.netlify.app/subzero/,Enabled,Enabled,Enabled,Sub-Zero Freezer Repair | Exact
SZ_Search_BayArea_Core,Freezer Repair,sub zero freezer service near me,Phrase,36.00,https://appliancepros.netlify.app/subzero/,Enabled,Enabled,Enabled,Sub-Zero Freezer Repair | Phrase
SZ_Search_BayArea_Core,Wine Cooler Repair,sub zero wine fridge repair,Exact,34.00,https://appliancepros.netlify.app/subzero/,Enabled,Enabled,Enabled,Sub-Zero Wine Cooler Repair | Exact
SZ_Search_BayArea_Core,Wine Cooler Repair,sub zero wine fridge repair,Phrase,34.00,https://appliancepros.netlify.app/subzero/,Enabled,Enabled,Enabled,Sub-Zero Wine Cooler Repair | Phrase
SZ_Search_BayArea_Core,Wine Cooler Repair,sub zero wine cooler repair,Exact,34.00,https://appliancepros.netlify.app/subzero/,Enabled,Enabled,Enabled,Sub-Zero Wine Cooler Repair | Exact
SZ_Search_BayArea_Core,Wine Cooler Repair,sub zero wine cooler repair,Phrase,34.00,https://appliancepros.netlify.app/subzero/,Enabled,Enabled,Enabled,Sub-Zero Wine Cooler Repair | Phrase
SZ_Search_BayArea_Core,Wine Cooler Repair,sub zero wine refrigerator repair,Exact,34.00,https://appliancepros.netlify.app/subzero/,Enabled,Enabled,Enabled,Sub-Zero Wine Cooler Repair | Exact
SZ_Search_BayArea_Core,Wine Cooler Repair,sub zero wine refrigerator repair,Phrase,34.00,https://appliancepros.netlify.app/subzero/,Enabled,Enabled,Enabled,Sub-Zero Wine Cooler Repair | Phrase
SZ_Search_BayArea_Core,Wine Cooler Repair,sub zero wine fridge service,Exact,34.00,https://appliancepros.netlify.app/subzero/,Enabled,Enabled,Enabled,Sub-Zero Wine Cooler Repair | Exact
SZ_Search_BayArea_Core,Wine Cooler Repair,sub zero wine fridge service,Phrase,34.00,https://appliancepros.netlify.app/subzero/,Enabled,Enabled,Enabled,Sub-Zero Wine Cooler Repair | Phrase
SZ_Search_BayArea_Core,Wine Cooler Repair,sub zero wine cooler service,Exact,34.00,https://appliancepros.netlify.app/subzero/,Enabled,Enabled,Enabled,Sub-Zero Wine Cooler Repair | Exact
SZ_Search_BayArea_Core,Wine Cooler Repair,sub zero wine cooler service,Phrase,34.00,https://appliancepros.netlify.app/subzero/,Enabled,Enabled,Enabled,Sub-Zero Wine Cooler Repair | Phrase
SZ_Search_BayArea_Core,Wine Cooler Repair,sub zero wine fridge not cooling repair,Exact,34.00,https://appliancepros.netlify.app/subzero/,Enabled,Enabled,Enabled,Sub-Zero Wine Cooler Repair | Exact
SZ_Search_BayArea_Core,Wine Cooler Repair,sub zero wine fridge not cooling repair,Phrase,34.00,https://appliancepros.netlify.app/subzero/,Enabled,Enabled,Enabled,Sub-Zero Wine Cooler Repair | Phrase
SZ_Search_BayArea_Core,Fridge Not Cooling,sub zero refrigerator not cooling,Exact,38.00,https://appliancepros.netlify.app/subzero/,Enabled,Enabled,Enabled,Sub-Zero Not Cooling Repair | Exact
SZ_Search_BayArea_Core,Fridge Not Cooling,sub zero refrigerator not cooling,Phrase,38.00,https://appliancepros.netlify.app/subzero/,Enabled,Enabled,Enabled,Sub-Zero Not Cooling Repair | Phrase
SZ_Search_BayArea_Core,Fridge Not Cooling,sub zero fridge not cooling,Exact,38.00,https://appliancepros.netlify.app/subzero/,Enabled,Enabled,Enabled,Sub-Zero Not Cooling Repair | Exact
SZ_Search_BayArea_Core,Fridge Not Cooling,sub zero fridge not cooling,Phrase,38.00,https://appliancepros.netlify.app/subzero/,Enabled,Enabled,Enabled,Sub-Zero Not Cooling Repair | Phrase
SZ_Search_BayArea_Core,Fridge Not Cooling,sub zero fridge stopped cooling,Exact,38.00,https://appliancepros.netlify.app/subzero/,Enabled,Enabled,Enabled,Sub-Zero Not Cooling Repair | Exact
SZ_Search_BayArea_Core,Fridge Not Cooling,sub zero fridge stopped cooling,Phrase,38.00,https://appliancepros.netlify.app/subzero/,Enabled,Enabled,Enabled,Sub-Zero Not Cooling Repair | Phrase
SZ_Search_BayArea_Core,Fridge Not Cooling,sub zero refrigerator stopped cooling,Exact,38.00,https://appliancepros.netlify.app/subzero/,Enabled,Enabled,Enabled,Sub-Zero Not Cooling Repair | Exact
SZ_Search_BayArea_Core,Fridge Not Cooling,sub zero refrigerator stopped cooling,Phrase,38.00,https://appliancepros.netlify.app/subzero/,Enabled,Enabled,Enabled,Sub-Zero Not Cooling Repair | Phrase
SZ_Search_BayArea_Core,Fridge Not Cooling,sub zero refrigerator not cold,Exact,38.00,https://appliancepros.netlify.app/subzero/,Enabled,Enabled,Enabled,Sub-Zero Not Cooling Repair | Exact
SZ_Search_BayArea_Core,Fridge Not Cooling,sub zero refrigerator not cold,Phrase,38.00,https://appliancepros.netlify.app/subzero/,Enabled,Enabled,Enabled,Sub-Zero Not Cooling Repair | Phrase
SZ_Search_BayArea_Core,Fridge Not Cooling,sub zero refrigerator not getting cold,Exact,38.00,https://appliancepros.netlify.app/subzero/,Enabled,Enabled,Enabled,Sub-Zero Not Cooling Repair | Exact
SZ_Search_BayArea_Core,Fridge Not Cooling,sub zero refrigerator not getting cold,Phrase,38.00,https://appliancepros.netlify.app/subzero/,Enabled,Enabled,Enabled,Sub-Zero Not Cooling Repair | Phrase
SZ_Search_BayArea_Core,Fridge Warm Freezer Cold,sub zero refrigerator warm freezer cold,Exact,38.00,https://appliancepros.netlify.app/subzero/,Enabled,Enabled,Enabled,Fridge Warm Freezer Cold | Exact
SZ_Search_BayArea_Core,Fridge Warm Freezer Cold,sub zero refrigerator warm freezer cold,Phrase,38.00,https://appliancepros.netlify.app/subzero/,Enabled,Enabled,Enabled,Fridge Warm Freezer Cold | Phrase
SZ_Search_BayArea_Core,Fridge Warm Freezer Cold,sub zero fridge warm freezer works,Exact,38.00,https://appliancepros.netlify.app/subzero/,Enabled,Enabled,Enabled,Fridge Warm Freezer Cold | Exact
SZ_Search_BayArea_Core,Fridge Warm Freezer Cold,sub zero fridge warm freezer works,Phrase,38.00,https://appliancepros.netlify.app/subzero/,Enabled,Enabled,Enabled,Fridge Warm Freezer Cold | Phrase
SZ_Search_BayArea_Core,Fridge Warm Freezer Cold,sub zero freezer cold refrigerator warm,Exact,38.00,https://appliancepros.netlify.app/subzero/,Enabled,Enabled,Enabled,Fridge Warm Freezer Cold | Exact
SZ_Search_BayArea_Core,Fridge Warm Freezer Cold,sub zero freezer cold refrigerator warm,Phrase,38.00,https://appliancepros.netlify.app/subzero/,Enabled,Enabled,Enabled,Fridge Warm Freezer Cold | Phrase
SZ_Search_BayArea_Core,Fridge Warm Freezer Cold,sub zero fridge not cold freezer is cold,Exact,38.00,https://appliancepros.netlify.app/subzero/,Enabled,Enabled,Enabled,Fridge Warm Freezer Cold | Exact
SZ_Search_BayArea_Core,Fridge Warm Freezer Cold,sub zero fridge not cold freezer is cold,Phrase,38.00,https://appliancepros.netlify.app/subzero/,Enabled,Enabled,Enabled,Fridge Warm Freezer Cold | Phrase
SZ_Search_BayArea_Core,Fridge Warm Freezer Cold,sub zero refrigerator not cooling freezer works,Exact,38.00,https://appliancepros.netlify.app/subzero/,Enabled,Enabled,Enabled,Fridge Warm Freezer Cold | Exact
SZ_Search_BayArea_Core,Fridge Warm Freezer Cold,sub zero refrigerator not cooling freezer works,Phrase,38.00,https://appliancepros.netlify.app/subzero/,Enabled,Enabled,Enabled,Fridge Warm Freezer Cold | Phrase
SZ_Search_BayArea_Core,Fridge Warm Freezer Cold,sub zero refrigerator warm but freezer cold,Exact,38.00,https://appliancepros.netlify.app/subzero/,Enabled,Enabled,Enabled,Fridge Warm Freezer Cold | Exact
SZ_Search_BayArea_Core,Fridge Warm Freezer Cold,sub zero refrigerator warm but freezer cold,Phrase,38.00,https://appliancepros.netlify.app/subzero/,Enabled,Enabled,Enabled,Fridge Warm Freezer Cold | Phrase
SZ_Search_BayArea_Core,Freezer Not Freezing,sub zero freezer not freezing,Exact,37.00,https://appliancepros.netlify.app/subzero/,Enabled,Enabled,Enabled,Sub-Zero Freezer Not Freezing | Exact
SZ_Search_BayArea_Core,Freezer Not Freezing,sub zero freezer not freezing,Phrase,37.00,https://appliancepros.netlify.app/subzero/,Enabled,Enabled,Enabled,Sub-Zero Freezer Not Freezing | Phrase
SZ_Search_BayArea_Core,Freezer Not Freezing,sub zero freezer not cold,Exact,37.00,https://appliancepros.netlify.app/subzero/,Enabled,Enabled,Enabled,Sub-Zero Freezer Not Freezing | Exact
SZ_Search_BayArea_Core,Freezer Not Freezing,sub zero freezer not cold,Phrase,37.00,https://appliancepros.netlify.app/subzero/,Enabled,Enabled,Enabled,Sub-Zero Freezer Not Freezing | Phrase
SZ_Search_BayArea_Core,Freezer Not Freezing,sub zero freezer not working,Exact,37.00,https://appliancepros.netlify.app/subzero/,Enabled,Enabled,Enabled,Sub-Zero Freezer Not Freezing | Exact
SZ_Search_BayArea_Core,Freezer Not Freezing,sub zero freezer not working,Phrase,37.00,https://appliancepros.netlify.app/subzero/,Enabled,Enabled,Enabled,Sub-Zero Freezer Not Freezing | Phrase
SZ_Search_BayArea_Core,Freezer Not Freezing,sub zero freezer not cooling,Exact,37.00,https://appliancepros.netlify.app/subzero/,Enabled,Enabled,Enabled,Sub-Zero Freezer Not Freezing | Exact
SZ_Search_BayArea_Core,Freezer Not Freezing,sub zero freezer not cooling,Phrase,37.00,https://appliancepros.netlify.app/subzero/,Enabled,Enabled,Enabled,Sub-Zero Freezer Not Freezing | Phrase
SZ_Search_BayArea_Core,Freezer Not Freezing,sub zero freezer stopped freezing,Exact,37.00,https://appliancepros.netlify.app/subzero/,Enabled,Enabled,Enabled,Sub-Zero Freezer Not Freezing | Exact
SZ_Search_BayArea_Core,Freezer Not Freezing,sub zero freezer stopped freezing,Phrase,37.00,https://appliancepros.netlify.app/subzero/,Enabled,Enabled,Enabled,Sub-Zero Freezer Not Freezing | Phrase
SZ_Search_BayArea_Core,Freezer Not Freezing,sub zero freezer temperature problems,Exact,37.00,https://appliancepros.netlify.app/subzero/,Enabled,Enabled,Enabled,Sub-Zero Freezer Not Freezing | Exact
SZ_Search_BayArea_Core,Freezer Not Freezing,sub zero freezer temperature problems,Phrase,37.00,https://appliancepros.netlify.app/subzero/,Enabled,Enabled,Enabled,Sub-Zero Freezer Not Freezing | Phrase
SZ_Search_BayArea_Core,Ice Maker Not Working,sub zero ice maker not working,Exact,39.00,https://appliancepros.netlify.app/subzero/,Enabled,Enabled,Enabled,Sub-Zero Ice Maker Repair | Exact
SZ_Search_BayArea_Core,Ice Maker Not Working,sub zero ice maker not working,Phrase,39.00,https://appliancepros.netlify.app/subzero/,Enabled,Enabled,Enabled,Sub-Zero Ice Maker Repair | Phrase
SZ_Search_BayArea_Core,Ice Maker Not Working,sub zero refrigerator ice maker not working,Exact,39.00,https://appliancepros.netlify.app/subzero/,Enabled,Enabled,Enabled,Sub-Zero Ice Maker Repair | Exact
SZ_Search_BayArea_Core,Ice Maker Not Working,sub zero refrigerator ice maker not working,Phrase,39.00,https://appliancepros.netlify.app/subzero/,Enabled,Enabled,Enabled,Sub-Zero Ice Maker Repair | Phrase
SZ_Search_BayArea_Core,Ice Maker Not Working,sub zero fridge ice maker not working,Exact,39.00,https://appliancepros.netlify.app/subzero/,Enabled,Enabled,Enabled,Sub-Zero Ice Maker Repair | Exact
SZ_Search_BayArea_Core,Ice Maker Not Working,sub zero fridge ice maker not working,Phrase,39.00,https://appliancepros.netlify.app/subzero/,Enabled,Enabled,Enabled,Sub-Zero Ice Maker Repair | Phrase
SZ_Search_BayArea_Core,Ice Maker Not Working,sub zero ice dispenser not working,Exact,39.00,https://appliancepros.netlify.app/subzero/,Enabled,Enabled,Enabled,Sub-Zero Ice Maker Repair | Exact
SZ_Search_BayArea_Core,Ice Maker Not Working,sub zero ice dispenser not working,Phrase,39.00,https://appliancepros.netlify.app/subzero/,Enabled,Enabled,Enabled,Sub-Zero Ice Maker Repair | Phrase
SZ_Search_BayArea_Core,Ice Maker Not Working,sub zero refrigerator does not make ice,Exact,39.00,https://appliancepros.netlify.app/subzero/,Enabled,Enabled,Enabled,Sub-Zero Ice Maker Repair | Exact
SZ_Search_BayArea_Core,Ice Maker Not Working,sub zero refrigerator does not make ice,Phrase,39.00,https://appliancepros.netlify.app/subzero/,Enabled,Enabled,Enabled,Sub-Zero Ice Maker Repair | Phrase
SZ_Search_BayArea_Core,Ice Maker Not Working,sub zero ice maker repair,Exact,39.00,https://appliancepros.netlify.app/subzero/,Enabled,Enabled,Enabled,Sub-Zero Ice Maker Repair | Exact
SZ_Search_BayArea_Core,Ice Maker Not Working,sub zero ice maker repair,Phrase,39.00,https://appliancepros.netlify.app/subzero/,Enabled,Enabled,Enabled,Sub-Zero Ice Maker Repair | Phrase
SZ_Search_BayArea_Core,Ice Not Making,sub zero ice maker not making ice,Exact,39.00,https://appliancepros.netlify.app/subzero/,Enabled,Enabled,Enabled,Sub-Zero Not Making Ice | Exact
SZ_Search_BayArea_Core,Ice Not Making,sub zero ice maker not making ice,Phrase,39.00,https://appliancepros.netlify.app/subzero/,Enabled,Enabled,Enabled,Sub-Zero Not Making Ice | Phrase
SZ_Search_BayArea_Core,Ice Not Making,sub zero fridge not making ice,Exact,39.00,https://appliancepros.netlify.app/subzero/,Enabled,Enabled,Enabled,Sub-Zero Not Making Ice | Exact
SZ_Search_BayArea_Core,Ice Not Making,sub zero fridge not making ice,Phrase,39.00,https://appliancepros.netlify.app/subzero/,Enabled,Enabled,Enabled,Sub-Zero Not Making Ice | Phrase
SZ_Search_BayArea_Core,Ice Not Making,sub zero refrigerator not making ice,Exact,39.00,https://appliancepros.netlify.app/subzero/,Enabled,Enabled,Enabled,Sub-Zero Not Making Ice | Exact
SZ_Search_BayArea_Core,Ice Not Making,sub zero refrigerator not making ice,Phrase,39.00,https://appliancepros.netlify.app/subzero/,Enabled,Enabled,Enabled,Sub-Zero Not Making Ice | Phrase
SZ_Search_BayArea_Core,Ice Not Making,sub zero icemaker not producing ice,Exact,39.00,https://appliancepros.netlify.app/subzero/,Enabled,Enabled,Enabled,Sub-Zero Not Making Ice | Exact
SZ_Search_BayArea_Core,Ice Not Making,sub zero icemaker not producing ice,Phrase,39.00,https://appliancepros.netlify.app/subzero/,Enabled,Enabled,Enabled,Sub-Zero Not Making Ice | Phrase
SZ_Search_BayArea_Core,Ice Not Making,sub zero no ice from dispenser,Exact,39.00,https://appliancepros.netlify.app/subzero/,Enabled,Enabled,Enabled,Sub-Zero Not Making Ice | Exact
SZ_Search_BayArea_Core,Ice Not Making,sub zero no ice from dispenser,Phrase,39.00,https://appliancepros.netlify.app/subzero/,Enabled,Enabled,Enabled,Sub-Zero Not Making Ice | Phrase
SZ_Search_BayArea_Core,Ice Not Making,sub zero ice making problem,Exact,39.00,https://appliancepros.netlify.app/subzero/,Enabled,Enabled,Enabled,Sub-Zero Not Making Ice | Exact
SZ_Search_BayArea_Core,Ice Not Making,sub zero ice making problem,Phrase,39.00,https://appliancepros.netlify.app/subzero/,Enabled,Enabled,Enabled,Sub-Zero Not Making Ice | Phrase
SZ_Search_BayArea_Core,Water Dispenser Repair,sub zero water dispenser not working,Exact,34.00,https://appliancepros.netlify.app/subzero/,Enabled,Enabled,Enabled,Water Dispenser Repair | Exact
SZ_Search_BayArea_Core,Water Dispenser Repair,sub zero water dispenser not working,Phrase,34.00,https://appliancepros.netlify.app/subzero/,Enabled,Enabled,Enabled,Water Dispenser Repair | Phrase
SZ_Search_BayArea_Core,Water Dispenser Repair,water not coming out of sub zero refrigerator,Exact,34.00,https://appliancepros.netlify.app/subzero/,Enabled,Enabled,Enabled,Water Dispenser Repair | Exact
SZ_Search_BayArea_Core,Water Dispenser Repair,water not coming out of sub zero refrigerator,Phrase,34.00,https://appliancepros.netlify.app/subzero/,Enabled,Enabled,Enabled,Water Dispenser Repair | Phrase
SZ_Search_BayArea_Core,Water Dispenser Repair,sub zero fridge water dispenser repair,Exact,34.00,https://appliancepros.netlify.app/subzero/,Enabled,Enabled,Enabled,Water Dispenser Repair | Exact
SZ_Search_BayArea_Core,Water Dispenser Repair,sub zero fridge water dispenser repair,Phrase,34.00,https://appliancepros.netlify.app/subzero/,Enabled,Enabled,Enabled,Water Dispenser Repair | Phrase
SZ_Search_BayArea_Core,Water Dispenser Repair,sub zero refrigerator not dispensing water,Exact,34.00,https://appliancepros.netlify.app/subzero/,Enabled,Enabled,Enabled,Water Dispenser Repair | Exact
SZ_Search_BayArea_Core,Water Dispenser Repair,sub zero refrigerator not dispensing water,Phrase,34.00,https://appliancepros.netlify.app/subzero/,Enabled,Enabled,Enabled,Water Dispenser Repair | Phrase
SZ_Search_BayArea_Core,Water Dispenser Repair,sub zero water filter leaking repair,Exact,34.00,https://appliancepros.netlify.app/subzero/,Enabled,Enabled,Enabled,Water Dispenser Repair | Exact
SZ_Search_BayArea_Core,Water Dispenser Repair,sub zero water filter leaking repair,Phrase,34.00,https://appliancepros.netlify.app/subzero/,Enabled,Enabled,Enabled,Water Dispenser Repair | Phrase
SZ_Search_BayArea_Core,Water Dispenser Repair,sub zero water dispenser repair,Exact,34.00,https://appliancepros.netlify.app/subzero/,Enabled,Enabled,Enabled,Water Dispenser Repair | Exact
SZ_Search_BayArea_Core,Water Dispenser Repair,sub zero water dispenser repair,Phrase,34.00,https://appliancepros.netlify.app/subzero/,Enabled,Enabled,Enabled,Water Dispenser Repair | Phrase
SZ_Search_BayArea_Core,Leaking Water Repair,sub zero refrigerator leaking water,Exact,37.00,https://appliancepros.netlify.app/subzero/,Enabled,Enabled,Enabled,Sub-Zero Water Leak Repair | Exact
SZ_Search_BayArea_Core,Leaking Water Repair,sub zero refrigerator leaking water,Phrase,37.00,https://appliancepros.netlify.app/subzero/,Enabled,Enabled,Enabled,Sub-Zero Water Leak Repair | Phrase
SZ_Search_BayArea_Core,Leaking Water Repair,sub zero fridge leaking water,Exact,37.00,https://appliancepros.netlify.app/subzero/,Enabled,Enabled,Enabled,Sub-Zero Water Leak Repair | Exact
SZ_Search_BayArea_Core,Leaking Water Repair,sub zero fridge leaking water,Phrase,37.00,https://appliancepros.netlify.app/subzero/,Enabled,Enabled,Enabled,Sub-Zero Water Leak Repair | Phrase
SZ_Search_BayArea_Core,Leaking Water Repair,sub zero refrigerator leaking on floor,Exact,37.00,https://appliancepros.netlify.app/subzero/,Enabled,Enabled,Enabled,Sub-Zero Water Leak Repair | Exact
SZ_Search_BayArea_Core,Leaking Water Repair,sub zero refrigerator leaking on floor,Phrase,37.00,https://appliancepros.netlify.app/subzero/,Enabled,Enabled,Enabled,Sub-Zero Water Leak Repair | Phrase
SZ_Search_BayArea_Core,Leaking Water Repair,sub zero fridge leaking on floor,Exact,37.00,https://appliancepros.netlify.app/subzero/,Enabled,Enabled,Enabled,Sub-Zero Water Leak Repair | Exact
SZ_Search_BayArea_Core,Leaking Water Repair,sub zero fridge leaking on floor,Phrase,37.00,https://appliancepros.netlify.app/subzero/,Enabled,Enabled,Enabled,Sub-Zero Water Leak Repair | Phrase
SZ_Search_BayArea_Core,Leaking Water Repair,sub zero refrigerator water leak repair,Exact,37.00,https://appliancepros.netlify.app/subzero/,Enabled,Enabled,Enabled,Sub-Zero Water Leak Repair | Exact
SZ_Search_BayArea_Core,Leaking Water Repair,sub zero refrigerator water leak repair,Phrase,37.00,https://appliancepros.netlify.app/subzero/,Enabled,Enabled,Enabled,Sub-Zero Water Leak Repair | Phrase
SZ_Search_BayArea_Core,Leaking Water Repair,sub zero leaking water from top,Exact,37.00,https://appliancepros.netlify.app/subzero/,Enabled,Enabled,Enabled,Sub-Zero Water Leak Repair | Exact
SZ_Search_BayArea_Core,Leaking Water Repair,sub zero leaking water from top,Phrase,37.00,https://appliancepros.netlify.app/subzero/,Enabled,Enabled,Enabled,Sub-Zero Water Leak Repair | Phrase
SZ_Search_BayArea_Core,Door Gasket Repair,sub zero door gasket repair,Exact,33.00,https://appliancepros.netlify.app/subzero/,Enabled,Enabled,Enabled,Sub-Zero Door Seal Repair | Exact
SZ_Search_BayArea_Core,Door Gasket Repair,sub zero door gasket repair,Phrase,33.00,https://appliancepros.netlify.app/subzero/,Enabled,Enabled,Enabled,Sub-Zero Door Seal Repair | Phrase
SZ_Search_BayArea_Core,Door Gasket Repair,sub zero refrigerator door seal repair,Exact,33.00,https://appliancepros.netlify.app/subzero/,Enabled,Enabled,Enabled,Sub-Zero Door Seal Repair | Exact
SZ_Search_BayArea_Core,Door Gasket Repair,sub zero refrigerator door seal repair,Phrase,33.00,https://appliancepros.netlify.app/subzero/,Enabled,Enabled,Enabled,Sub-Zero Door Seal Repair | Phrase
SZ_Search_BayArea_Core,Door Gasket Repair,sub zero fridge door gasket replacement,Exact,33.00,https://appliancepros.netlify.app/subzero/,Enabled,Enabled,Enabled,Sub-Zero Door Seal Repair | Exact
SZ_Search_BayArea_Core,Door Gasket Repair,sub zero fridge door gasket replacement,Phrase,33.00,https://appliancepros.netlify.app/subzero/,Enabled,Enabled,Enabled,Sub-Zero Door Seal Repair | Phrase
SZ_Search_BayArea_Core,Door Gasket Repair,sub zero door seal replacement,Exact,33.00,https://appliancepros.netlify.app/subzero/,Enabled,Enabled,Enabled,Sub-Zero Door Seal Repair | Exact
SZ_Search_BayArea_Core,Door Gasket Repair,sub zero door seal replacement,Phrase,33.00,https://appliancepros.netlify.app/subzero/,Enabled,Enabled,Enabled,Sub-Zero Door Seal Repair | Phrase
SZ_Search_BayArea_Core,Door Gasket Repair,sub zero freezer door gasket repair,Exact,33.00,https://appliancepros.netlify.app/subzero/,Enabled,Enabled,Enabled,Sub-Zero Door Seal Repair | Exact
SZ_Search_BayArea_Core,Door Gasket Repair,sub zero freezer door gasket repair,Phrase,33.00,https://appliancepros.netlify.app/subzero/,Enabled,Enabled,Enabled,Sub-Zero Door Seal Repair | Phrase
SZ_Search_BayArea_Core,Door Gasket Repair,sub zero refrigerator door gasket repair,Exact,33.00,https://appliancepros.netlify.app/subzero/,Enabled,Enabled,Enabled,Sub-Zero Door Seal Repair | Exact
SZ_Search_BayArea_Core,Door Gasket Repair,sub zero refrigerator door gasket repair,Phrase,33.00,https://appliancepros.netlify.app/subzero/,Enabled,Enabled,Enabled,Sub-Zero Door Seal Repair | Phrase
SZ_Search_BayArea_Core,Door Ajar Beeping,sub zero door ajar light stays on,Exact,34.00,https://appliancepros.netlify.app/subzero/,Enabled,Enabled,Enabled,Sub-Zero Door Issue Repair | Exact
SZ_Search_BayArea_Core,Door Ajar Beeping,sub zero door ajar light stays on,Phrase,34.00,https://appliancepros.netlify.app/subzero/,Enabled,Enabled,Enabled,Sub-Zero Door Issue Repair | Phrase
SZ_Search_BayArea_Core,Door Ajar Beeping,sub zero fridge beeping,Exact,34.00,https://appliancepros.netlify.app/subzero/,Enabled,Enabled,Enabled,Sub-Zero Door Issue Repair | Exact
SZ_Search_BayArea_Core,Door Ajar Beeping,sub zero fridge beeping,Phrase,34.00,https://appliancepros.netlify.app/subzero/,Enabled,Enabled,Enabled,Sub-Zero Door Issue Repair | Phrase
SZ_Search_BayArea_Core,Door Ajar Beeping,sub zero refrigerator beeping,Exact,34.00,https://appliancepros.netlify.app/subzero/,Enabled,Enabled,Enabled,Sub-Zero Door Issue Repair | Exact
SZ_Search_BayArea_Core,Door Ajar Beeping,sub zero refrigerator beeping,Phrase,34.00,https://appliancepros.netlify.app/subzero/,Enabled,Enabled,Enabled,Sub-Zero Door Issue Repair | Phrase
SZ_Search_BayArea_Core,Door Ajar Beeping,sub zero refrigerator door problems,Exact,34.00,https://appliancepros.netlify.app/subzero/,Enabled,Enabled,Enabled,Sub-Zero Door Issue Repair | Exact
SZ_Search_BayArea_Core,Door Ajar Beeping,sub zero refrigerator door problems,Phrase,34.00,https://appliancepros.netlify.app/subzero/,Enabled,Enabled,Enabled,Sub-Zero Door Issue Repair | Phrase
SZ_Search_BayArea_Core,Door Ajar Beeping,sub zero door switch repair,Exact,34.00,https://appliancepros.netlify.app/subzero/,Enabled,Enabled,Enabled,Sub-Zero Door Issue Repair | Exact
SZ_Search_BayArea_Core,Door Ajar Beeping,sub zero door switch repair,Phrase,34.00,https://appliancepros.netlify.app/subzero/,Enabled,Enabled,Enabled,Sub-Zero Door Issue Repair | Phrase
SZ_Search_BayArea_Core,Door Ajar Beeping,sub zero refrigerator door hinge repair,Exact,34.00,https://appliancepros.netlify.app/subzero/,Enabled,Enabled,Enabled,Sub-Zero Door Issue Repair | Exact
SZ_Search_BayArea_Core,Door Ajar Beeping,sub zero refrigerator door hinge repair,Phrase,34.00,https://appliancepros.netlify.app/subzero/,Enabled,Enabled,Enabled,Sub-Zero Door Issue Repair | Phrase
SZ_Search_BayArea_Core,Temperature Control,sub zero refrigerator temperature control problem,Exact,35.00,https://appliancepros.netlify.app/subzero/,Enabled,Enabled,Enabled,Sub-Zero Temp Control Repair | Exact
SZ_Search_BayArea_Core,Temperature Control,sub zero refrigerator temperature control problem,Phrase,35.00,https://appliancepros.netlify.app/subzero/,Enabled,Enabled,Enabled,Sub-Zero Temp Control Repair | Phrase
SZ_Search_BayArea_Core,Temperature Control,sub zero fridge temperature too high,Exact,35.00,https://appliancepros.netlify.app/subzero/,Enabled,Enabled,Enabled,Sub-Zero Temp Control Repair | Exact
SZ_Search_BayArea_Core,Temperature Control,sub zero fridge temperature too high,Phrase,35.00,https://appliancepros.netlify.app/subzero/,Enabled,Enabled,Enabled,Sub-Zero Temp Control Repair | Phrase
SZ_Search_BayArea_Core,Temperature Control,sub zero freezer temperature too high,Exact,35.00,https://appliancepros.netlify.app/subzero/,Enabled,Enabled,Enabled,Sub-Zero Temp Control Repair | Exact
SZ_Search_BayArea_Core,Temperature Control,sub zero freezer temperature too high,Phrase,35.00,https://appliancepros.netlify.app/subzero/,Enabled,Enabled,Enabled,Sub-Zero Temp Control Repair | Phrase
SZ_Search_BayArea_Core,Temperature Control,sub zero refrigerator not holding temperature,Exact,35.00,https://appliancepros.netlify.app/subzero/,Enabled,Enabled,Enabled,Sub-Zero Temp Control Repair | Exact
SZ_Search_BayArea_Core,Temperature Control,sub zero refrigerator not holding temperature,Phrase,35.00,https://appliancepros.netlify.app/subzero/,Enabled,Enabled,Enabled,Sub-Zero Temp Control Repair | Phrase
SZ_Search_BayArea_Core,Temperature Control,sub zero fridge temperature issue,Exact,35.00,https://appliancepros.netlify.app/subzero/,Enabled,Enabled,Enabled,Sub-Zero Temp Control Repair | Exact
SZ_Search_BayArea_Core,Temperature Control,sub zero fridge temperature issue,Phrase,35.00,https://appliancepros.netlify.app/subzero/,Enabled,Enabled,Enabled,Sub-Zero Temp Control Repair | Phrase
SZ_Search_BayArea_Core,Temperature Control,sub zero refrigerator thermostat repair,Exact,35.00,https://appliancepros.netlify.app/subzero/,Enabled,Enabled,Enabled,Sub-Zero Temp Control Repair | Exact
SZ_Search_BayArea_Core,Temperature Control,sub zero refrigerator thermostat repair,Phrase,35.00,https://appliancepros.netlify.app/subzero/,Enabled,Enabled,Enabled,Sub-Zero Temp Control Repair | Phrase
SZ_Search_BayArea_Core,Noise And Fan Repair,sub zero refrigerator making noise,Exact,34.00,https://appliancepros.netlify.app/subzero/,Enabled,Enabled,Enabled,Sub-Zero Noise Repair | Exact
SZ_Search_BayArea_Core,Noise And Fan Repair,sub zero refrigerator making noise,Phrase,34.00,https://appliancepros.netlify.app/subzero/,Enabled,Enabled,Enabled,Sub-Zero Noise Repair | Phrase
SZ_Search_BayArea_Core,Noise And Fan Repair,sub zero fridge making noise,Exact,34.00,https://appliancepros.netlify.app/subzero/,Enabled,Enabled,Enabled,Sub-Zero Noise Repair | Exact
SZ_Search_BayArea_Core,Noise And Fan Repair,sub zero fridge making noise,Phrase,34.00,https://appliancepros.netlify.app/subzero/,Enabled,Enabled,Enabled,Sub-Zero Noise Repair | Phrase
SZ_Search_BayArea_Core,Noise And Fan Repair,sub zero refrigerator fan not working,Exact,34.00,https://appliancepros.netlify.app/subzero/,Enabled,Enabled,Enabled,Sub-Zero Noise Repair | Exact
SZ_Search_BayArea_Core,Noise And Fan Repair,sub zero refrigerator fan not working,Phrase,34.00,https://appliancepros.netlify.app/subzero/,Enabled,Enabled,Enabled,Sub-Zero Noise Repair | Phrase
SZ_Search_BayArea_Core,Noise And Fan Repair,sub zero evaporator fan repair sub zero,Exact,34.00,https://appliancepros.netlify.app/subzero/,Enabled,Enabled,Enabled,Sub-Zero Noise Repair | Exact
SZ_Search_BayArea_Core,Noise And Fan Repair,sub zero evaporator fan repair sub zero,Phrase,34.00,https://appliancepros.netlify.app/subzero/,Enabled,Enabled,Enabled,Sub-Zero Noise Repair | Phrase
SZ_Search_BayArea_Core,Noise And Fan Repair,sub zero condenser fan repair,Exact,34.00,https://appliancepros.netlify.app/subzero/,Enabled,Enabled,Enabled,Sub-Zero Noise Repair | Exact
SZ_Search_BayArea_Core,Noise And Fan Repair,sub zero condenser fan repair,Phrase,34.00,https://appliancepros.netlify.app/subzero/,Enabled,Enabled,Enabled,Sub-Zero Noise Repair | Phrase
SZ_Search_BayArea_Core,Noise And Fan Repair,sub zero loud noise repair,Exact,34.00,https://appliancepros.netlify.app/subzero/,Enabled,Enabled,Enabled,Sub-Zero Noise Repair | Exact
SZ_Search_BayArea_Core,Noise And Fan Repair,sub zero loud noise repair,Phrase,34.00,https://appliancepros.netlify.app/subzero/,Enabled,Enabled,Enabled,Sub-Zero Noise Repair | Phrase
SZ_Search_BayArea_Core,Emergency Same Day,same day sub zero repair,Exact,45.00,https://appliancepros.netlify.app/subzero/,Enabled,Enabled,Enabled,Same-Day Sub-Zero Repair | Exact
SZ_Search_BayArea_Core,Emergency Same Day,same day sub zero repair,Phrase,45.00,https://appliancepros.netlify.app/subzero/,Enabled,Enabled,Enabled,Same-Day Sub-Zero Repair | Phrase
SZ_Search_BayArea_Core,Emergency Same Day,emergency sub zero repair,Exact,45.00,https://appliancepros.netlify.app/subzero/,Enabled,Enabled,Enabled,Same-Day Sub-Zero Repair | Exact
SZ_Search_BayArea_Core,Emergency Same Day,emergency sub zero repair,Phrase,45.00,https://appliancepros.netlify.app/subzero/,Enabled,Enabled,Enabled,Same-Day Sub-Zero Repair | Phrase
SZ_Search_BayArea_Core,Emergency Same Day,urgent sub zero refrigerator repair,Exact,45.00,https://appliancepros.netlify.app/subzero/,Enabled,Enabled,Enabled,Same-Day Sub-Zero Repair | Exact
SZ_Search_BayArea_Core,Emergency Same Day,urgent sub zero refrigerator repair,Phrase,45.00,https://appliancepros.netlify.app/subzero/,Enabled,Enabled,Enabled,Same-Day Sub-Zero Repair | Phrase
SZ_Search_BayArea_Core,Emergency Same Day,sub zero repair today,Exact,45.00,https://appliancepros.netlify.app/subzero/,Enabled,Enabled,Enabled,Same-Day Sub-Zero Repair | Exact
SZ_Search_BayArea_Core,Emergency Same Day,sub zero repair today,Phrase,45.00,https://appliancepros.netlify.app/subzero/,Enabled,Enabled,Enabled,Same-Day Sub-Zero Repair | Phrase
SZ_Search_BayArea_Core,Emergency Same Day,sub zero same day service,Exact,45.00,https://appliancepros.netlify.app/subzero/,Enabled,Enabled,Enabled,Same-Day Sub-Zero Repair | Exact
SZ_Search_BayArea_Core,Emergency Same Day,sub zero same day service,Phrase,45.00,https://appliancepros.netlify.app/subzero/,Enabled,Enabled,Enabled,Same-Day Sub-Zero Repair | Phrase
SZ_Search_BayArea_Core,Emergency Same Day,24 hour sub zero repair,Exact,45.00,https://appliancepros.netlify.app/subzero/,Enabled,Enabled,Enabled,Same-Day Sub-Zero Repair | Exact
SZ_Search_BayArea_Core,Emergency Same Day,24 hour sub zero repair,Phrase,45.00,https://appliancepros.netlify.app/subzero/,Enabled,Enabled,Enabled,Same-Day Sub-Zero Repair | Phrase
SZ_Search_BayArea_Core,Technician Request,sub zero technician,Exact,34.00,https://appliancepros.netlify.app/subzero/,Enabled,Enabled,Enabled,Sub-Zero Technician | Exact
SZ_Search_BayArea_Core,Technician Request,sub zero technician,Phrase,34.00,https://appliancepros.netlify.app/subzero/,Enabled,Enabled,Enabled,Sub-Zero Technician | Phrase
SZ_Search_BayArea_Core,Technician Request,sub zero repair technician,Exact,34.00,https://appliancepros.netlify.app/subzero/,Enabled,Enabled,Enabled,Sub-Zero Technician | Exact
SZ_Search_BayArea_Core,Technician Request,sub zero repair technician,Phrase,34.00,https://appliancepros.netlify.app/subzero/,Enabled,Enabled,Enabled,Sub-Zero Technician | Phrase
SZ_Search_BayArea_Core,Technician Request,sub zero fridge technician,Exact,34.00,https://appliancepros.netlify.app/subzero/,Enabled,Enabled,Enabled,Sub-Zero Technician | Exact
SZ_Search_BayArea_Core,Technician Request,sub zero fridge technician,Phrase,34.00,https://appliancepros.netlify.app/subzero/,Enabled,Enabled,Enabled,Sub-Zero Technician | Phrase
SZ_Search_BayArea_Core,Technician Request,sub zero appliance technician,Exact,34.00,https://appliancepros.netlify.app/subzero/,Enabled,Enabled,Enabled,Sub-Zero Technician | Exact
SZ_Search_BayArea_Core,Technician Request,sub zero appliance technician,Phrase,34.00,https://appliancepros.netlify.app/subzero/,Enabled,Enabled,Enabled,Sub-Zero Technician | Phrase
SZ_Search_BayArea_Core,Technician Request,sub zero mechanic,Exact,34.00,https://appliancepros.netlify.app/subzero/,Enabled,Enabled,Enabled,Sub-Zero Technician | Exact
SZ_Search_BayArea_Core,Technician Request,sub zero mechanic,Phrase,34.00,https://appliancepros.netlify.app/subzero/,Enabled,Enabled,Enabled,Sub-Zero Technician | Phrase
SZ_Search_BayArea_Core,Technician Request,sub zero repairman,Exact,34.00,https://appliancepros.netlify.app/subzero/,Enabled,Enabled,Enabled,Sub-Zero Technician | Exact
SZ_Search_BayArea_Core,Technician Request,sub zero repairman,Phrase,34.00,https://appliancepros.netlify.app/subzero/,Enabled,Enabled,Enabled,Sub-Zero Technician | Phrase
SZ_Search_BayArea_Core,Appliance Repair Service,sub zero appliance repair,Exact,33.00,https://appliancepros.netlify.app/subzero/,Enabled,Enabled,Enabled,Sub-Zero Appliance Repair | Exact
SZ_Search_BayArea_Core,Appliance Repair Service,sub zero appliance repair,Phrase,33.00,https://appliancepros.netlify.app/subzero/,Enabled,Enabled,Enabled,Sub-Zero Appliance Repair | Phrase
SZ_Search_BayArea_Core,Appliance Repair Service,sub zero appliance service,Exact,33.00,https://appliancepros.netlify.app/subzero/,Enabled,Enabled,Enabled,Sub-Zero Appliance Repair | Exact
SZ_Search_BayArea_Core,Appliance Repair Service,sub zero appliance service,Phrase,33.00,https://appliancepros.netlify.app/subzero/,Enabled,Enabled,Enabled,Sub-Zero Appliance Repair | Phrase
SZ_Search_BayArea_Core,Appliance Repair Service,sub zero kitchen appliance repair,Exact,33.00,https://appliancepros.netlify.app/subzero/,Enabled,Enabled,Enabled,Sub-Zero Appliance Repair | Exact
SZ_Search_BayArea_Core,Appliance Repair Service,sub zero kitchen appliance repair,Phrase,33.00,https://appliancepros.netlify.app/subzero/,Enabled,Enabled,Enabled,Sub-Zero Appliance Repair | Phrase
SZ_Search_BayArea_Core,Appliance Repair Service,sub zero appliance repair service,Exact,33.00,https://appliancepros.netlify.app/subzero/,Enabled,Enabled,Enabled,Sub-Zero Appliance Repair | Exact
SZ_Search_BayArea_Core,Appliance Repair Service,sub zero appliance repair service,Phrase,33.00,https://appliancepros.netlify.app/subzero/,Enabled,Enabled,Enabled,Sub-Zero Appliance Repair | Phrase
SZ_Search_BayArea_Core,Appliance Repair Service,sub zero home appliance repair,Exact,33.00,https://appliancepros.netlify.app/subzero/,Enabled,Enabled,Enabled,Sub-Zero Appliance Repair | Exact
SZ_Search_BayArea_Core,Appliance Repair Service,sub zero home appliance repair,Phrase,33.00,https://appliancepros.netlify.app/subzero/,Enabled,Enabled,Enabled,Sub-Zero Appliance Repair | Phrase
SZ_Search_BayArea_Core,Appliance Repair Service,sub zero major appliance repair,Exact,33.00,https://appliancepros.netlify.app/subzero/,Enabled,Enabled,Enabled,Sub-Zero Appliance Repair | Exact
SZ_Search_BayArea_Core,Appliance Repair Service,sub zero major appliance repair,Phrase,33.00,https://appliancepros.netlify.app/subzero/,Enabled,Enabled,Enabled,Sub-Zero Appliance Repair | Phrase
SZ_Search_BayArea_Core,Refrigerator Service,sub zero refrigerator service,Exact,32.00,https://appliancepros.netlify.app/subzero/,Enabled,Enabled,Enabled,Sub-Zero Fridge Service | Exact
SZ_Search_BayArea_Core,Refrigerator Service,sub zero refrigerator service,Phrase,32.00,https://appliancepros.netlify.app/subzero/,Enabled,Enabled,Enabled,Sub-Zero Fridge Service | Phrase
SZ_Search_BayArea_Core,Refrigerator Service,sub zero fridge service,Exact,32.00,https://appliancepros.netlify.app/subzero/,Enabled,Enabled,Enabled,Sub-Zero Fridge Service | Exact
SZ_Search_BayArea_Core,Refrigerator Service,sub zero fridge service,Phrase,32.00,https://appliancepros.netlify.app/subzero/,Enabled,Enabled,Enabled,Sub-Zero Fridge Service | Phrase
SZ_Search_BayArea_Core,Refrigerator Service,sub zero refrigerator maintenance,Exact,32.00,https://appliancepros.netlify.app/subzero/,Enabled,Enabled,Enabled,Sub-Zero Fridge Service | Exact
SZ_Search_BayArea_Core,Refrigerator Service,sub zero refrigerator maintenance,Phrase,32.00,https://appliancepros.netlify.app/subzero/,Enabled,Enabled,Enabled,Sub-Zero Fridge Service | Phrase
SZ_Search_BayArea_Core,Refrigerator Service,sub zero refrigerator troubleshooting,Exact,32.00,https://appliancepros.netlify.app/subzero/,Enabled,Enabled,Enabled,Sub-Zero Fridge Service | Exact
SZ_Search_BayArea_Core,Refrigerator Service,sub zero refrigerator troubleshooting,Phrase,32.00,https://appliancepros.netlify.app/subzero/,Enabled,Enabled,Enabled,Sub-Zero Fridge Service | Phrase
SZ_Search_BayArea_Core,Refrigerator Service,sub zero refrigerator check up,Exact,32.00,https://appliancepros.netlify.app/subzero/,Enabled,Enabled,Enabled,Sub-Zero Fridge Service | Exact
SZ_Search_BayArea_Core,Refrigerator Service,sub zero refrigerator check up,Phrase,32.00,https://appliancepros.netlify.app/subzero/,Enabled,Enabled,Enabled,Sub-Zero Fridge Service | Phrase
SZ_Search_BayArea_Core,Refrigerator Service,sub zero service call,Exact,32.00,https://appliancepros.netlify.app/subzero/,Enabled,Enabled,Enabled,Sub-Zero Fridge Service | Exact
SZ_Search_BayArea_Core,Refrigerator Service,sub zero service call,Phrase,32.00,https://appliancepros.netlify.app/subzero/,Enabled,Enabled,Enabled,Sub-Zero Fridge Service | Phrase
SZ_Search_BayArea_Core,Freezer Service,sub zero freezer service,Exact,32.00,https://appliancepros.netlify.app/subzero/,Enabled,Enabled,Enabled,Sub-Zero Freezer Service | Exact
SZ_Search_BayArea_Core,Freezer Service,sub zero freezer service,Phrase,32.00,https://appliancepros.netlify.app/subzero/,Enabled,Enabled,Enabled,Sub-Zero Freezer Service | Phrase
SZ_Search_BayArea_Core,Freezer Service,sub zero freezer maintenance,Exact,32.00,https://appliancepros.netlify.app/subzero/,Enabled,Enabled,Enabled,Sub-Zero Freezer Service | Exact
SZ_Search_BayArea_Core,Freezer Service,sub zero freezer maintenance,Phrase,32.00,https://appliancepros.netlify.app/subzero/,Enabled,Enabled,Enabled,Sub-Zero Freezer Service | Phrase
SZ_Search_BayArea_Core,Freezer Service,sub zero freezer troubleshooting,Exact,32.00,https://appliancepros.netlify.app/subzero/,Enabled,Enabled,Enabled,Sub-Zero Freezer Service | Exact
SZ_Search_BayArea_Core,Freezer Service,sub zero freezer troubleshooting,Phrase,32.00,https://appliancepros.netlify.app/subzero/,Enabled,Enabled,Enabled,Sub-Zero Freezer Service | Phrase
SZ_Search_BayArea_Core,Freezer Service,sub zero freezer service call,Exact,32.00,https://appliancepros.netlify.app/subzero/,Enabled,Enabled,Enabled,Sub-Zero Freezer Service | Exact
SZ_Search_BayArea_Core,Freezer Service,sub zero freezer service call,Phrase,32.00,https://appliancepros.netlify.app/subzero/,Enabled,Enabled,Enabled,Sub-Zero Freezer Service | Phrase
SZ_Search_BayArea_Core,Freezer Service,sub zero freezer check up,Exact,32.00,https://appliancepros.netlify.app/subzero/,Enabled,Enabled,Enabled,Sub-Zero Freezer Service | Exact
SZ_Search_BayArea_Core,Freezer Service,sub zero freezer check up,Phrase,32.00,https://appliancepros.netlify.app/subzero/,Enabled,Enabled,Enabled,Sub-Zero Freezer Service | Phrase
SZ_Search_BayArea_Core,Freezer Service,sub zero freezer diagnosis,Exact,32.00,https://appliancepros.netlify.app/subzero/,Enabled,Enabled,Enabled,Sub-Zero Freezer Service | Exact
SZ_Search_BayArea_Core,Freezer Service,sub zero freezer diagnosis,Phrase,32.00,https://appliancepros.netlify.app/subzero/,Enabled,Enabled,Enabled,Sub-Zero Freezer Service | Phrase
SZ_Search_BayArea_Core,Repair Cost Quote,sub zero repair cost,Exact,31.00,https://appliancepros.netlify.app/subzero/,Enabled,Enabled,Enabled,Sub-Zero Repair Estimate | Exact
SZ_Search_BayArea_Core,Repair Cost Quote,sub zero repair cost,Phrase,31.00,https://appliancepros.netlify.app/subzero/,Enabled,Enabled,Enabled,Sub-Zero Repair Estimate | Phrase
SZ_Search_BayArea_Core,Repair Cost Quote,sub zero refrigerator repair cost,Exact,31.00,https://appliancepros.netlify.app/subzero/,Enabled,Enabled,Enabled,Sub-Zero Repair Estimate | Exact
SZ_Search_BayArea_Core,Repair Cost Quote,sub zero refrigerator repair cost,Phrase,31.00,https://appliancepros.netlify.app/subzero/,Enabled,Enabled,Enabled,Sub-Zero Repair Estimate | Phrase
SZ_Search_BayArea_Core,Repair Cost Quote,sub zero repair estimate,Exact,31.00,https://appliancepros.netlify.app/subzero/,Enabled,Enabled,Enabled,Sub-Zero Repair Estimate | Exact
SZ_Search_BayArea_Core,Repair Cost Quote,sub zero repair estimate,Phrase,31.00,https://appliancepros.netlify.app/subzero/,Enabled,Enabled,Enabled,Sub-Zero Repair Estimate | Phrase
SZ_Search_BayArea_Core,Repair Cost Quote,sub zero service quote,Exact,31.00,https://appliancepros.netlify.app/subzero/,Enabled,Enabled,Enabled,Sub-Zero Repair Estimate | Exact
SZ_Search_BayArea_Core,Repair Cost Quote,sub zero service quote,Phrase,31.00,https://appliancepros.netlify.app/subzero/,Enabled,Enabled,Enabled,Sub-Zero Repair Estimate | Phrase
SZ_Search_BayArea_Core,Repair Cost Quote,sub zero diagnostic fee,Exact,31.00,https://appliancepros.netlify.app/subzero/,Enabled,Enabled,Enabled,Sub-Zero Repair Estimate | Exact
SZ_Search_BayArea_Core,Repair Cost Quote,sub zero diagnostic fee,Phrase,31.00,https://appliancepros.netlify.app/subzero/,Enabled,Enabled,Enabled,Sub-Zero Repair Estimate | Phrase
SZ_Search_BayArea_Core,Repair Cost Quote,sub zero repair price,Exact,31.00,https://appliancepros.netlify.app/subzero/,Enabled,Enabled,Enabled,Sub-Zero Repair Estimate | Exact
SZ_Search_BayArea_Core,Repair Cost Quote,sub zero repair price,Phrase,31.00,https://appliancepros.netlify.app/subzero/,Enabled,Enabled,Enabled,Sub-Zero Repair Estimate | Phrase
SZ_Search_BayArea_Core,San Francisco Repair,sub zero repair san francisco,Exact,39.00,https://appliancepros.netlify.app/subzero/,Enabled,Enabled,Enabled,Sub-Zero Repair San Francisco | Exact
SZ_Search_BayArea_Core,San Francisco Repair,sub zero repair san francisco,Phrase,39.00,https://appliancepros.netlify.app/subzero/,Enabled,Enabled,Enabled,Sub-Zero Repair San Francisco | Phrase
SZ_Search_BayArea_Core,San Francisco Repair,sub zero refrigerator repair san francisco,Exact,39.00,https://appliancepros.netlify.app/subzero/,Enabled,Enabled,Enabled,Sub-Zero Repair San Francisco | Exact
SZ_Search_BayArea_Core,San Francisco Repair,sub zero refrigerator repair san francisco,Phrase,39.00,https://appliancepros.netlify.app/subzero/,Enabled,Enabled,Enabled,Sub-Zero Repair San Francisco | Phrase
SZ_Search_BayArea_Core,San Francisco Repair,sub zero service sf,Exact,39.00,https://appliancepros.netlify.app/subzero/,Enabled,Enabled,Enabled,Sub-Zero Repair San Francisco | Exact
SZ_Search_BayArea_Core,San Francisco Repair,sub zero service sf,Phrase,39.00,https://appliancepros.netlify.app/subzero/,Enabled,Enabled,Enabled,Sub-Zero Repair San Francisco | Phrase
SZ_Search_BayArea_Core,San Francisco Repair,sub zero repair sf,Exact,39.00,https://appliancepros.netlify.app/subzero/,Enabled,Enabled,Enabled,Sub-Zero Repair San Francisco | Exact
SZ_Search_BayArea_Core,San Francisco Repair,sub zero repair sf,Phrase,39.00,https://appliancepros.netlify.app/subzero/,Enabled,Enabled,Enabled,Sub-Zero Repair San Francisco | Phrase
SZ_Search_BayArea_Core,San Francisco Repair,sub zero refrigerator service san francisco,Exact,39.00,https://appliancepros.netlify.app/subzero/,Enabled,Enabled,Enabled,Sub-Zero Repair San Francisco | Exact
SZ_Search_BayArea_Core,San Francisco Repair,sub zero refrigerator service san francisco,Phrase,39.00,https://appliancepros.netlify.app/subzero/,Enabled,Enabled,Enabled,Sub-Zero Repair San Francisco | Phrase
SZ_Search_BayArea_Core,San Francisco Repair,sub zero technician san francisco,Exact,39.00,https://appliancepros.netlify.app/subzero/,Enabled,Enabled,Enabled,Sub-Zero Repair San Francisco | Exact
SZ_Search_BayArea_Core,San Francisco Repair,sub zero technician san francisco,Phrase,39.00,https://appliancepros.netlify.app/subzero/,Enabled,Enabled,Enabled,Sub-Zero Repair San Francisco | Phrase
SZ_Search_BayArea_Core,San Jose Repair,sub zero repair san jose,Exact,39.00,https://appliancepros.netlify.app/subzero/,Enabled,Enabled,Enabled,Sub-Zero Repair San Jose | Exact
SZ_Search_BayArea_Core,San Jose Repair,sub zero repair san jose,Phrase,39.00,https://appliancepros.netlify.app/subzero/,Enabled,Enabled,Enabled,Sub-Zero Repair San Jose | Phrase
SZ_Search_BayArea_Core,San Jose Repair,sub zero refrigerator repair san jose,Exact,39.00,https://appliancepros.netlify.app/subzero/,Enabled,Enabled,Enabled,Sub-Zero Repair San Jose | Exact
SZ_Search_BayArea_Core,San Jose Repair,sub zero refrigerator repair san jose,Phrase,39.00,https://appliancepros.netlify.app/subzero/,Enabled,Enabled,Enabled,Sub-Zero Repair San Jose | Phrase
SZ_Search_BayArea_Core,San Jose Repair,sub zero service san jose,Exact,39.00,https://appliancepros.netlify.app/subzero/,Enabled,Enabled,Enabled,Sub-Zero Repair San Jose | Exact
SZ_Search_BayArea_Core,San Jose Repair,sub zero service san jose,Phrase,39.00,https://appliancepros.netlify.app/subzero/,Enabled,Enabled,Enabled,Sub-Zero Repair San Jose | Phrase
SZ_Search_BayArea_Core,San Jose Repair,sub zero fridge repair san jose,Exact,39.00,https://appliancepros.netlify.app/subzero/,Enabled,Enabled,Enabled,Sub-Zero Repair San Jose | Exact
SZ_Search_BayArea_Core,San Jose Repair,sub zero fridge repair san jose,Phrase,39.00,https://appliancepros.netlify.app/subzero/,Enabled,Enabled,Enabled,Sub-Zero Repair San Jose | Phrase
SZ_Search_BayArea_Core,San Jose Repair,sub zero technician san jose,Exact,39.00,https://appliancepros.netlify.app/subzero/,Enabled,Enabled,Enabled,Sub-Zero Repair San Jose | Exact
SZ_Search_BayArea_Core,San Jose Repair,sub zero technician san jose,Phrase,39.00,https://appliancepros.netlify.app/subzero/,Enabled,Enabled,Enabled,Sub-Zero Repair San Jose | Phrase
SZ_Search_BayArea_Core,San Jose Repair,sub zero appliance repair san jose,Exact,39.00,https://appliancepros.netlify.app/subzero/,Enabled,Enabled,Enabled,Sub-Zero Repair San Jose | Exact
SZ_Search_BayArea_Core,San Jose Repair,sub zero appliance repair san jose,Phrase,39.00,https://appliancepros.netlify.app/subzero/,Enabled,Enabled,Enabled,Sub-Zero Repair San Jose | Phrase
SZ_Search_BayArea_Core,Oakland Repair,sub zero repair oakland,Exact,38.00,https://appliancepros.netlify.app/subzero/,Enabled,Enabled,Enabled,Sub-Zero Repair Oakland | Exact
SZ_Search_BayArea_Core,Oakland Repair,sub zero repair oakland,Phrase,38.00,https://appliancepros.netlify.app/subzero/,Enabled,Enabled,Enabled,Sub-Zero Repair Oakland | Phrase
SZ_Search_BayArea_Core,Oakland Repair,sub zero refrigerator repair oakland,Exact,38.00,https://appliancepros.netlify.app/subzero/,Enabled,Enabled,Enabled,Sub-Zero Repair Oakland | Exact
SZ_Search_BayArea_Core,Oakland Repair,sub zero refrigerator repair oakland,Phrase,38.00,https://appliancepros.netlify.app/subzero/,Enabled,Enabled,Enabled,Sub-Zero Repair Oakland | Phrase
SZ_Search_BayArea_Core,Oakland Repair,sub zero service oakland,Exact,38.00,https://appliancepros.netlify.app/subzero/,Enabled,Enabled,Enabled,Sub-Zero Repair Oakland | Exact
SZ_Search_BayArea_Core,Oakland Repair,sub zero service oakland,Phrase,38.00,https://appliancepros.netlify.app/subzero/,Enabled,Enabled,Enabled,Sub-Zero Repair Oakland | Phrase
SZ_Search_BayArea_Core,Oakland Repair,sub zero fridge repair oakland,Exact,38.00,https://appliancepros.netlify.app/subzero/,Enabled,Enabled,Enabled,Sub-Zero Repair Oakland | Exact
SZ_Search_BayArea_Core,Oakland Repair,sub zero fridge repair oakland,Phrase,38.00,https://appliancepros.netlify.app/subzero/,Enabled,Enabled,Enabled,Sub-Zero Repair Oakland | Phrase
SZ_Search_BayArea_Core,Oakland Repair,sub zero technician oakland,Exact,38.00,https://appliancepros.netlify.app/subzero/,Enabled,Enabled,Enabled,Sub-Zero Repair Oakland | Exact
SZ_Search_BayArea_Core,Oakland Repair,sub zero technician oakland,Phrase,38.00,https://appliancepros.netlify.app/subzero/,Enabled,Enabled,Enabled,Sub-Zero Repair Oakland | Phrase
SZ_Search_BayArea_Core,Oakland Repair,sub zero appliance repair oakland,Exact,38.00,https://appliancepros.netlify.app/subzero/,Enabled,Enabled,Enabled,Sub-Zero Repair Oakland | Exact
SZ_Search_BayArea_Core,Oakland Repair,sub zero appliance repair oakland,Phrase,38.00,https://appliancepros.netlify.app/subzero/,Enabled,Enabled,Enabled,Sub-Zero Repair Oakland | Phrase
SZ_Search_BayArea_Core,Palo Alto Repair,sub zero repair palo alto,Exact,38.00,https://appliancepros.netlify.app/subzero/,Enabled,Enabled,Enabled,Sub-Zero Repair Palo Alto | Exact
SZ_Search_BayArea_Core,Palo Alto Repair,sub zero repair palo alto,Phrase,38.00,https://appliancepros.netlify.app/subzero/,Enabled,Enabled,Enabled,Sub-Zero Repair Palo Alto | Phrase
SZ_Search_BayArea_Core,Palo Alto Repair,sub zero refrigerator repair palo alto,Exact,38.00,https://appliancepros.netlify.app/subzero/,Enabled,Enabled,Enabled,Sub-Zero Repair Palo Alto | Exact
SZ_Search_BayArea_Core,Palo Alto Repair,sub zero refrigerator repair palo alto,Phrase,38.00,https://appliancepros.netlify.app/subzero/,Enabled,Enabled,Enabled,Sub-Zero Repair Palo Alto | Phrase
SZ_Search_BayArea_Core,Palo Alto Repair,sub zero service palo alto,Exact,38.00,https://appliancepros.netlify.app/subzero/,Enabled,Enabled,Enabled,Sub-Zero Repair Palo Alto | Exact
SZ_Search_BayArea_Core,Palo Alto Repair,sub zero service palo alto,Phrase,38.00,https://appliancepros.netlify.app/subzero/,Enabled,Enabled,Enabled,Sub-Zero Repair Palo Alto | Phrase
SZ_Search_BayArea_Core,Palo Alto Repair,sub zero fridge repair palo alto,Exact,38.00,https://appliancepros.netlify.app/subzero/,Enabled,Enabled,Enabled,Sub-Zero Repair Palo Alto | Exact
SZ_Search_BayArea_Core,Palo Alto Repair,sub zero fridge repair palo alto,Phrase,38.00,https://appliancepros.netlify.app/subzero/,Enabled,Enabled,Enabled,Sub-Zero Repair Palo Alto | Phrase
SZ_Search_BayArea_Core,Palo Alto Repair,sub zero technician palo alto,Exact,38.00,https://appliancepros.netlify.app/subzero/,Enabled,Enabled,Enabled,Sub-Zero Repair Palo Alto | Exact
SZ_Search_BayArea_Core,Palo Alto Repair,sub zero technician palo alto,Phrase,38.00,https://appliancepros.netlify.app/subzero/,Enabled,Enabled,Enabled,Sub-Zero Repair Palo Alto | Phrase
SZ_Search_BayArea_Core,Palo Alto Repair,sub zero appliance repair palo alto,Exact,38.00,https://appliancepros.netlify.app/subzero/,Enabled,Enabled,Enabled,Sub-Zero Repair Palo Alto | Exact
SZ_Search_BayArea_Core,Palo Alto Repair,sub zero appliance repair palo alto,Phrase,38.00,https://appliancepros.netlify.app/subzero/,Enabled,Enabled,Enabled,Sub-Zero Repair Palo Alto | Phrase
