Campaign,Ad Group,Keyword,Criterion Type,Type,Comment
SZ_Search_BayArea_Hyper_ExactPhrase_2026,Geo San Francisco Repair,door,Broad,Ad group negative,Intent/appliance separation
SZ_Search_BayArea_Hyper_ExactPhrase_2026,Geo San Francisco Repair,gasket,Broad,Ad group negative,Intent/appliance separation
SZ_Search_BayArea_Hyper_ExactPhrase_2026,Geo San Francisco Repair,seal,Broad,Ad group negative,Intent/appliance separation
SZ_Search_BayArea_Hyper_ExactPhrase_2026,Geo San Francisco Repair,hinge,Broad,Ad group negative,Intent/appliance separation
SZ_Search_BayArea_Hyper_ExactPhrase_2026,Geo San Francisco Repair,handle,Broad,Ad group negative,Intent/appliance separation
SZ_Search_BayArea_Hyper_ExactPhrase_2026,Geo San Francisco Repair,parts,Broad,Ad group negative,Intent/appliance separation
SZ_Search_BayArea_Hyper_ExactPhrase_2026,Geo San Francisco Repair,manual,Broad,Ad group negative,Intent/appliance separation
SZ_Search_BayArea_Hyper_ExactPhrase_2026,Geo San Francisco Repair,how to,Phrase,Ad group negative,Intent/appliance separation
SZ_Search_BayArea_Hyper_ExactPhrase_2026,Geo San Francisco Repair,diy,Broad,Ad group negative,Intent/appliance separation
SZ_Search_BayArea_Hyper_ExactPhrase_2026,Geo San Francisco Repair,buy,Broad,Ad group negative,Intent/appliance separation
SZ_Search_BayArea_Hyper_ExactPhrase_2026,Geo San Francisco Repair,for sale,Phrase,Ad group negative,Intent/appliance separation
SZ_Search_BayArea_Hyper_ExactPhrase_2026,Geo San Jose Repair,door,Broad,Ad group negative,Intent/appliance separation
SZ_Search_BayArea_Hyper_ExactPhrase_2026,Geo San Jose Repair,gasket,Broad,Ad group negative,Intent/appliance separation
SZ_Search_BayArea_Hyper_ExactPhrase_2026,Geo San Jose Repair,seal,Broad,Ad group negative,Intent/appliance separation
SZ_Search_BayArea_Hyper_ExactPhrase_2026,Geo San Jose Repair,hinge,Broad,Ad group negative,Intent/appliance separation
SZ_Search_BayArea_Hyper_ExactPhrase_2026,Geo San Jose Repair,handle,Broad,Ad group negative,Intent/appliance separation
SZ_Search_BayArea_Hyper_ExactPhrase_2026,Geo San Jose Repair,parts,Broad,Ad group negative,Intent/appliance separation
SZ_Search_BayArea_Hyper_ExactPhrase_2026,Geo San Jose Repair,manual,Broad,Ad group negative,Intent/appliance separation
SZ_Search_BayArea_Hyper_ExactPhrase_2026,Geo San Jose Repair,how to,Phrase,Ad group negative,Intent/appliance separation
SZ_Search_BayArea_Hyper_ExactPhrase_2026,Geo San Jose Repair,diy,Broad,Ad group negative,Intent/appliance separation
SZ_Search_BayArea_Hyper_ExactPhrase_2026,Geo San Jose Repair,buy,Broad,Ad group negative,Intent/appliance separation
SZ_Search_BayArea_Hyper_ExactPhrase_2026,Geo San Jose Repair,for sale,Phrase,Ad group negative,Intent/appliance separation
SZ_Search_BayArea_Hyper_ExactPhrase_2026,Geo Oakland Repair,door,Broad,Ad group negative,Intent/appliance separation
SZ_Search_BayArea_Hyper_ExactPhrase_2026,Geo Oakland Repair,gasket,Broad,Ad group negative,Intent/appliance separation
SZ_Search_BayArea_Hyper_ExactPhrase_2026,Geo Oakland Repair,seal,Broad,Ad group negative,Intent/appliance separation
SZ_Search_BayArea_Hyper_ExactPhrase_2026,Geo Oakland Repair,hinge,Broad,Ad group negative,Intent/appliance separation
SZ_Search_BayArea_Hyper_ExactPhrase_2026,Geo Oakland Repair,handle,Broad,Ad group negative,Intent/appliance separation
SZ_Search_BayArea_Hyper_ExactPhrase_2026,Geo Oakland Repair,parts,Broad,Ad group negative,Intent/appliance separation
SZ_Search_BayArea_Hyper_ExactPhrase_2026,Geo Oakland Repair,manual,Broad,Ad group negative,Intent/appliance separation
SZ_Search_BayArea_Hyper_ExactPhrase_2026,Geo Oakland Repair,how to,Phrase,Ad group negative,Intent/appliance separation
SZ_Search_BayArea_Hyper_ExactPhrase_2026,Geo Oakland Repair,diy,Broad,Ad group negative,Intent/appliance separation
SZ_Search_BayArea_Hyper_ExactPhrase_2026,Geo Oakland Repair,buy,Broad,Ad group negative,Intent/appliance separation
SZ_Search_BayArea_Hyper_ExactPhrase_2026,Geo Oakland Repair,for sale,Phrase,Ad group negative,Intent/appliance separation
SZ_Search_BayArea_Hyper_ExactPhrase_2026,Geo Palo Alto Repair,door,Broad,Ad group negative,Intent/appliance separation
SZ_Search_BayArea_Hyper_ExactPhrase_2026,Geo Palo Alto Repair,gasket,Broad,Ad group negative,Intent/appliance separation
SZ_Search_BayArea_Hyper_ExactPhrase_2026,Geo Palo Alto Repair,seal,Broad,Ad group negative,Intent/appliance separation
SZ_Search_BayArea_Hyper_ExactPhrase_2026,Geo Palo Alto Repair,hinge,Broad,Ad group negative,Intent/appliance separation
SZ_Search_BayArea_Hyper_ExactPhrase_2026,Geo Palo Alto Repair,handle,Broad,Ad group negative,Intent/appliance separation
SZ_Search_BayArea_Hyper_ExactPhrase_2026,Geo Palo Alto Repair,parts,Broad,Ad group negative,Intent/appliance separation
SZ_Search_BayArea_Hyper_ExactPhrase_2026,Geo Palo Alto Repair,manual,Broad,Ad group negative,Intent/appliance separation
SZ_Search_BayArea_Hyper_ExactPhrase_2026,Geo Palo Alto Repair,how to,Phrase,Ad group negative,Intent/appliance separation
SZ_Search_BayArea_Hyper_ExactPhrase_2026,Geo Palo Alto Repair,diy,Broad,Ad group negative,Intent/appliance separation
SZ_Search_BayArea_Hyper_ExactPhrase_2026,Geo Palo Alto Repair,buy,Broad,Ad group negative,Intent/appliance separation
SZ_Search_BayArea_Hyper_ExactPhrase_2026,Geo Palo Alto Repair,for sale,Phrase,Ad group negative,Intent/appliance separation
SZ_Search_BayArea_Hyper_ExactPhrase_2026,Geo Mountain View Repair,door,Broad,Ad group negative,Intent/appliance separation
SZ_Search_BayArea_Hyper_ExactPhrase_2026,Geo Mountain View Repair,gasket,Broad,Ad group negative,Intent/appliance separation
SZ_Search_BayArea_Hyper_ExactPhrase_2026,Geo Mountain View Repair,seal,Broad,Ad group negative,Intent/appliance separation
SZ_Search_BayArea_Hyper_ExactPhrase_2026,Geo Mountain View Repair,hinge,Broad,Ad group negative,Intent/appliance separation
SZ_Search_BayArea_Hyper_ExactPhrase_2026,Geo Mountain View Repair,handle,Broad,Ad group negative,Intent/appliance separation
SZ_Search_BayArea_Hyper_ExactPhrase_2026,Geo Mountain View Repair,parts,Broad,Ad group negative,Intent/appliance separation
SZ_Search_BayArea_Hyper_ExactPhrase_2026,Geo Mountain View Repair,manual,Broad,Ad group negative,Intent/appliance separation
SZ_Search_BayArea_Hyper_ExactPhrase_2026,Geo Mountain View Repair,how to,Phrase,Ad group negative,Intent/appliance separation
SZ_Search_BayArea_Hyper_ExactPhrase_2026,Geo Mountain View Repair,diy,Broad,Ad group negative,Intent/appliance separation
SZ_Search_BayArea_Hyper_ExactPhrase_2026,Geo Mountain View Repair,buy,Broad,Ad group negative,Intent/appliance separation
SZ_Search_BayArea_Hyper_ExactPhrase_2026,Geo Mountain View Repair,for sale,Phrase,Ad group negative,Intent/appliance separation
SZ_Search_BayArea_Hyper_ExactPhrase_2026,Geo Sunnyvale Repair,door,Broad,Ad group negative,Intent/appliance separation
SZ_Search_BayArea_Hyper_ExactPhrase_2026,Geo Sunnyvale Repair,gasket,Broad,Ad group negative,Intent/appliance separation
SZ_Search_BayArea_Hyper_ExactPhrase_2026,Geo Sunnyvale Repair,seal,Broad,Ad group negative,Intent/appliance separation
SZ_Search_BayArea_Hyper_ExactPhrase_2026,Geo Sunnyvale Repair,hinge,Broad,Ad group negative,Intent/appliance separation
SZ_Search_BayArea_Hyper_ExactPhrase_2026,Geo Sunnyvale Repair,handle,Broad,Ad group negative,Intent/appliance separation
SZ_Search_BayArea_Hyper_ExactPhrase_2026,Geo Sunnyvale Repair,parts,Broad,Ad group negative,Intent/appliance separation
SZ_Search_BayArea_Hyper_ExactPhrase_2026,Geo Sunnyvale Repair,manual,Broad,Ad group negative,Intent/appliance separation
SZ_Search_BayArea_Hyper_ExactPhrase_2026,Geo Sunnyvale Repair,how to,Phrase,Ad group negative,Intent/appliance separation
SZ_Search_BayArea_Hyper_ExactPhrase_2026,Geo Sunnyvale Repair,diy,Broad,Ad group negative,Intent/appliance separation
SZ_Search_BayArea_Hyper_ExactPhrase_2026,Geo Sunnyvale Repair,buy,Broad,Ad group negative,Intent/appliance separation
SZ_Search_BayArea_Hyper_ExactPhrase_2026,Geo Sunnyvale Repair,for sale,Phrase,Ad group negative,Intent/appliance separation
SZ_Search_BayArea_Hyper_ExactPhrase_2026,Geo San Mateo Repair,door,Broad,Ad group negative,Intent/appliance separation
SZ_Search_BayArea_Hyper_ExactPhrase_2026,Geo San Mateo Repair,gasket,Broad,Ad group negative,Intent/appliance separation
SZ_Search_BayArea_Hyper_ExactPhrase_2026,Geo San Mateo Repair,seal,Broad,Ad group negative,Intent/appliance separation
SZ_Search_BayArea_Hyper_ExactPhrase_2026,Geo San Mateo Repair,hinge,Broad,Ad group negative,Intent/appliance separation
SZ_Search_BayArea_Hyper_ExactPhrase_2026,Geo San Mateo Repair,handle,Broad,Ad group negative,Intent/appliance separation
SZ_Search_BayArea_Hyper_ExactPhrase_2026,Geo San Mateo Repair,parts,Broad,Ad group negative,Intent/appliance separation
SZ_Search_BayArea_Hyper_ExactPhrase_2026,Geo San Mateo Repair,manual,Broad,Ad group negative,Intent/appliance separation
SZ_Search_BayArea_Hyper_ExactPhrase_2026,Geo San Mateo Repair,how to,Phrase,Ad group negative,Intent/appliance separation
SZ_Search_BayArea_Hyper_ExactPhrase_2026,Geo San Mateo Repair,diy,Broad,Ad group negative,Intent/appliance separation
SZ_Search_BayArea_Hyper_ExactPhrase_2026,Geo San Mateo Repair,buy,Broad,Ad group negative,Intent/appliance separation
SZ_Search_BayArea_Hyper_ExactPhrase_2026,Geo San Mateo Repair,for sale,Phrase,Ad group negative,Intent/appliance separation
SZ_Search_BayArea_Hyper_ExactPhrase_2026,Geo Redwood City Repair,door,Broad,Ad group negative,Intent/appliance separation
SZ_Search_BayArea_Hyper_ExactPhrase_2026,Geo Redwood City Repair,gasket,Broad,Ad group negative,Intent/appliance separation
SZ_Search_BayArea_Hyper_ExactPhrase_2026,Geo Redwood City Repair,seal,Broad,Ad group negative,Intent/appliance separation
SZ_Search_BayArea_Hyper_ExactPhrase_2026,Geo Redwood City Repair,hinge,Broad,Ad group negative,Intent/appliance separation
SZ_Search_BayArea_Hyper_ExactPhrase_2026,Geo Redwood City Repair,handle,Broad,Ad group negative,Intent/appliance separation
SZ_Search_BayArea_Hyper_ExactPhrase_2026,Geo Redwood City Repair,parts,Broad,Ad group negative,Intent/appliance separation
SZ_Search_BayArea_Hyper_ExactPhrase_2026,Geo Redwood City Repair,manual,Broad,Ad group negative,Intent/appliance separation
SZ_Search_BayArea_Hyper_ExactPhrase_2026,Geo Redwood City Repair,how to,Phrase,Ad group negative,Intent/appliance separation
SZ_Search_BayArea_Hyper_ExactPhrase_2026,Geo Redwood City Repair,diy,Broad,Ad group negative,Intent/appliance separation
SZ_Search_BayArea_Hyper_ExactPhrase_2026,Geo Redwood City Repair,buy,Broad,Ad group negative,Intent/appliance separation
SZ_Search_BayArea_Hyper_ExactPhrase_2026,Geo Redwood City Repair,for sale,Phrase,Ad group negative,Intent/appliance separation
SZ_Search_BayArea_Hyper_ExactPhrase_2026,Geo Santa Clara Repair,door,Broad,Ad group negative,Intent/appliance separation
SZ_Search_BayArea_Hyper_ExactPhrase_2026,Geo Santa Clara Repair,gasket,Broad,Ad group negative,Intent/appliance separation
SZ_Search_BayArea_Hyper_ExactPhrase_2026,Geo Santa Clara Repair,seal,Broad,Ad group negative,Intent/appliance separation
SZ_Search_BayArea_Hyper_ExactPhrase_2026,Geo Santa Clara Repair,hinge,Broad,Ad group negative,Intent/appliance separation
SZ_Search_BayArea_Hyper_ExactPhrase_2026,Geo Santa Clara Repair,handle,Broad,Ad group negative,Intent/appliance separation
SZ_Search_BayArea_Hyper_ExactPhrase_2026,Geo Santa Clara Repair,parts,Broad,Ad group negative,Intent/appliance separation
SZ_Search_BayArea_Hyper_ExactPhrase_2026,Geo Santa Clara Repair,manual,Broad,Ad group negative,Intent/appliance separation
SZ_Search_BayArea_Hyper_ExactPhrase_2026,Geo Santa Clara Repair,how to,Phrase,Ad group negative,Intent/appliance separation
SZ_Search_BayArea_Hyper_ExactPhrase_2026,Geo Santa Clara Repair,diy,Broad,Ad group negative,Intent/appliance separation
SZ_Search_BayArea_Hyper_ExactPhrase_2026,Geo Santa Clara Repair,buy,Broad,Ad group negative,Intent/appliance separation
SZ_Search_BayArea_Hyper_ExactPhrase_2026,Geo Santa Clara Repair,for sale,Phrase,Ad group negative,Intent/appliance separation
SZ_Search_BayArea_Hyper_ExactPhrase_2026,Geo Fremont Repair,door,Broad,Ad group negative,Intent/appliance separation
SZ_Search_BayArea_Hyper_ExactPhrase_2026,Geo Fremont Repair,gasket,Broad,Ad group negative,Intent/appliance separation
SZ_Search_BayArea_Hyper_ExactPhrase_2026,Geo Fremont Repair,seal,Broad,Ad group negative,Intent/appliance separation
SZ_Search_BayArea_Hyper_ExactPhrase_2026,Geo Fremont Repair,hinge,Broad,Ad group negative,Intent/appliance separation
SZ_Search_BayArea_Hyper_ExactPhrase_2026,Geo Fremont Repair,handle,Broad,Ad group negative,Intent/appliance separation
SZ_Search_BayArea_Hyper_ExactPhrase_2026,Geo Fremont Repair,parts,Broad,Ad group negative,Intent/appliance separation
SZ_Search_BayArea_Hyper_ExactPhrase_2026,Geo Fremont Repair,manual,Broad,Ad group negative,Intent/appliance separation
SZ_Search_BayArea_Hyper_ExactPhrase_2026,Geo Fremont Repair,how to,Phrase,Ad group negative,Intent/appliance separation
SZ_Search_BayArea_Hyper_ExactPhrase_2026,Geo Fremont Repair,diy,Broad,Ad group negative,Intent/appliance separation
SZ_Search_BayArea_Hyper_ExactPhrase_2026,Geo Fremont Repair,buy,Broad,Ad group negative,Intent/appliance separation
SZ_Search_BayArea_Hyper_ExactPhrase_2026,Geo Fremont Repair,for sale,Phrase,Ad group negative,Intent/appliance separation
SZ_Search_BayArea_Hyper_ExactPhrase_2026,Wine Cooler Repair,door,Broad,Ad group negative,Intent/appliance separation
SZ_Search_BayArea_Hyper_ExactPhrase_2026,Wine Cooler Repair,gasket,Broad,Ad group negative,Intent/appliance separation
SZ_Search_BayArea_Hyper_ExactPhrase_2026,Wine Cooler Repair,seal,Broad,Ad group negative,Intent/appliance separation
SZ_Search_BayArea_Hyper_ExactPhrase_2026,Wine Cooler Repair,hinge,Broad,Ad group negative,Intent/appliance separation
SZ_Search_BayArea_Hyper_ExactPhrase_2026,Wine Cooler Repair,handle,Broad,Ad group negative,Intent/appliance separation
SZ_Search_BayArea_Hyper_ExactPhrase_2026,Wine Cooler Repair,refrigerator,Broad,Ad group negative,Intent/appliance separation
SZ_Search_BayArea_Hyper_ExactPhrase_2026,Wine Cooler Repair,fridge,Broad,Ad group negative,Intent/appliance separation
SZ_Search_BayArea_Hyper_ExactPhrase_2026,Wine Cooler Repair,freezer,Broad,Ad group negative,Intent/appliance separation
SZ_Search_BayArea_Hyper_ExactPhrase_2026,Wine Cooler Repair,ice maker,Phrase,Ad group negative,Intent/appliance separation
SZ_Search_BayArea_Hyper_ExactPhrase_2026,Wine Cooler Service,door,Broad,Ad group negative,Intent/appliance separation
SZ_Search_BayArea_Hyper_ExactPhrase_2026,Wine Cooler Service,gasket,Broad,Ad group negative,Intent/appliance separation
SZ_Search_BayArea_Hyper_ExactPhrase_2026,Wine Cooler Service,seal,Broad,Ad group negative,Intent/appliance separation
SZ_Search_BayArea_Hyper_ExactPhrase_2026,Wine Cooler Service,hinge,Broad,Ad group negative,Intent/appliance separation
SZ_Search_BayArea_Hyper_ExactPhrase_2026,Wine Cooler Service,handle,Broad,Ad group negative,Intent/appliance separation
SZ_Search_BayArea_Hyper_ExactPhrase_2026,Wine Cooler Service,refrigerator,Broad,Ad group negative,Intent/appliance separation
SZ_Search_BayArea_Hyper_ExactPhrase_2026,Wine Cooler Service,fridge,Broad,Ad group negative,Intent/appliance separation
SZ_Search_BayArea_Hyper_ExactPhrase_2026,Wine Cooler Service,freezer,Broad,Ad group negative,Intent/appliance separation
SZ_Search_BayArea_Hyper_ExactPhrase_2026,Wine Cooler Service,ice maker,Phrase,Ad group negative,Intent/appliance separation
SZ_Search_BayArea_Hyper_ExactPhrase_2026,Wine Cooler Not Cooling,door,Broad,Ad group negative,Intent/appliance separation
SZ_Search_BayArea_Hyper_ExactPhrase_2026,Wine Cooler Not Cooling,gasket,Broad,Ad group negative,Intent/appliance separation
SZ_Search_BayArea_Hyper_ExactPhrase_2026,Wine Cooler Not Cooling,seal,Broad,Ad group negative,Intent/appliance separation
SZ_Search_BayArea_Hyper_ExactPhrase_2026,Wine Cooler Not Cooling,hinge,Broad,Ad group negative,Intent/appliance separation
SZ_Search_BayArea_Hyper_ExactPhrase_2026,Wine Cooler Not Cooling,handle,Broad,Ad group negative,Intent/appliance separation
SZ_Search_BayArea_Hyper_ExactPhrase_2026,Wine Cooler Not Cooling,refrigerator,Broad,Ad group negative,Intent/appliance separation
SZ_Search_BayArea_Hyper_ExactPhrase_2026,Wine Cooler Not Cooling,fridge,Broad,Ad group negative,Intent/appliance separation
SZ_Search_BayArea_Hyper_ExactPhrase_2026,Wine Cooler Not Cooling,freezer,Broad,Ad group negative,Intent/appliance separation
SZ_Search_BayArea_Hyper_ExactPhrase_2026,Wine Cooler Not Cooling,ice maker,Phrase,Ad group negative,Intent/appliance separation
SZ_Search_BayArea_Hyper_ExactPhrase_2026,Wine Cooler Not Cooling,not freezing,Phrase,Ad group negative,Intent/appliance separation
SZ_Search_BayArea_Hyper_ExactPhrase_2026,Wine Cooler Not Cooling,not working,Phrase,Ad group negative,Intent/appliance separation
SZ_Search_BayArea_Hyper_ExactPhrase_2026,Wine Cooler Not Cooling,leaking,Broad,Ad group negative,Intent/appliance separation
SZ_Search_BayArea_Hyper_ExactPhrase_2026,Wine Cooler Not Cooling,not making ice,Phrase,Ad group negative,Intent/appliance separation
SZ_Search_BayArea_Hyper_ExactPhrase_2026,Wine Cooler Not Working,door,Broad,Ad group negative,Intent/appliance separation
SZ_Search_BayArea_Hyper_ExactPhrase_2026,Wine Cooler Not Working,gasket,Broad,Ad group negative,Intent/appliance separation
SZ_Search_BayArea_Hyper_ExactPhrase_2026,Wine Cooler Not Working,seal,Broad,Ad group negative,Intent/appliance separation
SZ_Search_BayArea_Hyper_ExactPhrase_2026,Wine Cooler Not Working,hinge,Broad,Ad group negative,Intent/appliance separation
SZ_Search_BayArea_Hyper_ExactPhrase_2026,Wine Cooler Not Working,handle,Broad,Ad group negative,Intent/appliance separation
SZ_Search_BayArea_Hyper_ExactPhrase_2026,Wine Cooler Not Working,refrigerator,Broad,Ad group negative,Intent/appliance separation
SZ_Search_BayArea_Hyper_ExactPhrase_2026,Wine Cooler Not Working,fridge,Broad,Ad group negative,Intent/appliance separation
SZ_Search_BayArea_Hyper_ExactPhrase_2026,Wine Cooler Not Working,freezer,Broad,Ad group negative,Intent/appliance separation
SZ_Search_BayArea_Hyper_ExactPhrase_2026,Wine Cooler Not Working,ice maker,Phrase,Ad group negative,Intent/appliance separation
SZ_Search_BayArea_Hyper_ExactPhrase_2026,Wine Cooler Not Working,not cooling,Phrase,Ad group negative,Intent/appliance separation
SZ_Search_BayArea_Hyper_ExactPhrase_2026,Wine Cooler Not Working,not freezing,Phrase,Ad group negative,Intent/appliance separation
SZ_Search_BayArea_Hyper_ExactPhrase_2026,Wine Cooler Not Working,leaking,Broad,Ad group negative,Intent/appliance separation
SZ_Search_BayArea_Hyper_ExactPhrase_2026,Ice Maker Repair,door,Broad,Ad group negative,Intent/appliance separation
SZ_Search_BayArea_Hyper_ExactPhrase_2026,Ice Maker Repair,gasket,Broad,Ad group negative,Intent/appliance separation
SZ_Search_BayArea_Hyper_ExactPhrase_2026,Ice Maker Repair,seal,Broad,Ad group negative,Intent/appliance separation
SZ_Search_BayArea_Hyper_ExactPhrase_2026,Ice Maker Repair,hinge,Broad,Ad group negative,Intent/appliance separation
SZ_Search_BayArea_Hyper_ExactPhrase_2026,Ice Maker Repair,handle,Broad,Ad group negative,Intent/appliance separation
SZ_Search_BayArea_Hyper_ExactPhrase_2026,Ice Maker Repair,refrigerator,Broad,Ad group negative,Intent/appliance separation
SZ_Search_BayArea_Hyper_ExactPhrase_2026,Ice Maker Repair,fridge,Broad,Ad group negative,Intent/appliance separation
SZ_Search_BayArea_Hyper_ExactPhrase_2026,Ice Maker Repair,freezer,Broad,Ad group negative,Intent/appliance separation
SZ_Search_BayArea_Hyper_ExactPhrase_2026,Ice Maker Repair,wine cooler,Phrase,Ad group negative,Intent/appliance separation
SZ_Search_BayArea_Hyper_ExactPhrase_2026,Ice Maker Service,door,Broad,Ad group negative,Intent/appliance separation
SZ_Search_BayArea_Hyper_ExactPhrase_2026,Ice Maker Service,gasket,Broad,Ad group negative,Intent/appliance separation
SZ_Search_BayArea_Hyper_ExactPhrase_2026,Ice Maker Service,seal,Broad,Ad group negative,Intent/appliance separation
SZ_Search_BayArea_Hyper_ExactPhrase_2026,Ice Maker Service,hinge,Broad,Ad group negative,Intent/appliance separation
SZ_Search_BayArea_Hyper_ExactPhrase_2026,Ice Maker Service,handle,Broad,Ad group negative,Intent/appliance separation
SZ_Search_BayArea_Hyper_ExactPhrase_2026,Ice Maker Service,refrigerator,Broad,Ad group negative,Intent/appliance separation
SZ_Search_BayArea_Hyper_ExactPhrase_2026,Ice Maker Service,fridge,Broad,Ad group negative,Intent/appliance separation
SZ_Search_BayArea_Hyper_ExactPhrase_2026,Ice Maker Service,freezer,Broad,Ad group negative,Intent/appliance separation
SZ_Search_BayArea_Hyper_ExactPhrase_2026,Ice Maker Service,wine cooler,Phrase,Ad group negative,Intent/appliance separation
SZ_Search_BayArea_Hyper_ExactPhrase_2026,Ice Maker Near Me,door,Broad,Ad group negative,Intent/appliance separation
SZ_Search_BayArea_Hyper_ExactPhrase_2026,Ice Maker Near Me,gasket,Broad,Ad group negative,Intent/appliance separation
SZ_Search_BayArea_Hyper_ExactPhrase_2026,Ice Maker Near Me,seal,Broad,Ad group negative,Intent/appliance separation
SZ_Search_BayArea_Hyper_ExactPhrase_2026,Ice Maker Near Me,hinge,Broad,Ad group negative,Intent/appliance separation
SZ_Search_BayArea_Hyper_ExactPhrase_2026,Ice Maker Near Me,handle,Broad,Ad group negative,Intent/appliance separation
SZ_Search_BayArea_Hyper_ExactPhrase_2026,Ice Maker Near Me,refrigerator,Broad,Ad group negative,Intent/appliance separation
SZ_Search_BayArea_Hyper_ExactPhrase_2026,Ice Maker Near Me,fridge,Broad,Ad group negative,Intent/appliance separation
SZ_Search_BayArea_Hyper_ExactPhrase_2026,Ice Maker Near Me,freezer,Broad,Ad group negative,Intent/appliance separation
SZ_Search_BayArea_Hyper_ExactPhrase_2026,Ice Maker Near Me,wine cooler,Phrase,Ad group negative,Intent/appliance separation
SZ_Search_BayArea_Hyper_ExactPhrase_2026,Ice Maker Technician,door,Broad,Ad group negative,Intent/appliance separation
SZ_Search_BayArea_Hyper_ExactPhrase_2026,Ice Maker Technician,gasket,Broad,Ad group negative,Intent/appliance separation
SZ_Search_BayArea_Hyper_ExactPhrase_2026,Ice Maker Technician,seal,Broad,Ad group negative,Intent/appliance separation
SZ_Search_BayArea_Hyper_ExactPhrase_2026,Ice Maker Technician,hinge,Broad,Ad group negative,Intent/appliance separation
SZ_Search_BayArea_Hyper_ExactPhrase_2026,Ice Maker Technician,handle,Broad,Ad group negative,Intent/appliance separation
SZ_Search_BayArea_Hyper_ExactPhrase_2026,Ice Maker Technician,refrigerator,Broad,Ad group negative,Intent/appliance separation
SZ_Search_BayArea_Hyper_ExactPhrase_2026,Ice Maker Technician,fridge,Broad,Ad group negative,Intent/appliance separation
SZ_Search_BayArea_Hyper_ExactPhrase_2026,Ice Maker Technician,freezer,Broad,Ad group negative,Intent/appliance separation
SZ_Search_BayArea_Hyper_ExactPhrase_2026,Ice Maker Technician,wine cooler,Phrase,Ad group negative,Intent/appliance separation
SZ_Search_BayArea_Hyper_ExactPhrase_2026,Ice Maker Not Working,door,Broad,Ad group negative,Intent/appliance separation
SZ_Search_BayArea_Hyper_ExactPhrase_2026,Ice Maker Not Working,gasket,Broad,Ad group negative,Intent/appliance separation
SZ_Search_BayArea_Hyper_ExactPhrase_2026,Ice Maker Not Working,seal,Broad,Ad group negative,Intent/appliance separation
SZ_Search_BayArea_Hyper_ExactPhrase_2026,Ice Maker Not Working,hinge,Broad,Ad group negative,Intent/appliance separation
SZ_Search_BayArea_Hyper_ExactPhrase_2026,Ice Maker Not Working,handle,Broad,Ad group negative,Intent/appliance separation
SZ_Search_BayArea_Hyper_ExactPhrase_2026,Ice Maker Not Working,refrigerator,Broad,Ad group negative,Intent/appliance separation
SZ_Search_BayArea_Hyper_ExactPhrase_2026,Ice Maker Not Working,fridge,Broad,Ad group negative,Intent/appliance separation
SZ_Search_BayArea_Hyper_ExactPhrase_2026,Ice Maker Not Working,freezer,Broad,Ad group negative,Intent/appliance separation
SZ_Search_BayArea_Hyper_ExactPhrase_2026,Ice Maker Not Working,wine cooler,Phrase,Ad group negative,Intent/appliance separation
SZ_Search_BayArea_Hyper_ExactPhrase_2026,Ice Maker Not Working,not cooling,Phrase,Ad group negative,Intent/appliance separation
SZ_Search_BayArea_Hyper_ExactPhrase_2026,Ice Maker Not Working,not freezing,Phrase,Ad group negative,Intent/appliance separation
SZ_Search_BayArea_Hyper_ExactPhrase_2026,Ice Maker Not Working,leaking,Broad,Ad group negative,Intent/appliance separation
SZ_Search_BayArea_Hyper_ExactPhrase_2026,Ice Maker Not Making Ice,door,Broad,Ad group negative,Intent/appliance separation
SZ_Search_BayArea_Hyper_ExactPhrase_2026,Ice Maker Not Making Ice,gasket,Broad,Ad group negative,Intent/appliance separation
SZ_Search_BayArea_Hyper_ExactPhrase_2026,Ice Maker Not Making Ice,seal,Broad,Ad group negative,Intent/appliance separation
SZ_Search_BayArea_Hyper_ExactPhrase_2026,Ice Maker Not Making Ice,hinge,Broad,Ad group negative,Intent/appliance separation
SZ_Search_BayArea_Hyper_ExactPhrase_2026,Ice Maker Not Making Ice,handle,Broad,Ad group negative,Intent/appliance separation
SZ_Search_BayArea_Hyper_ExactPhrase_2026,Ice Maker Not Making Ice,refrigerator,Broad,Ad group negative,Intent/appliance separation
SZ_Search_BayArea_Hyper_ExactPhrase_2026,Ice Maker Not Making Ice,fridge,Broad,Ad group negative,Intent/appliance separation
SZ_Search_BayArea_Hyper_ExactPhrase_2026,Ice Maker Not Making Ice,freezer,Broad,Ad group negative,Intent/appliance separation
SZ_Search_BayArea_Hyper_ExactPhrase_2026,Ice Maker Not Making Ice,wine cooler,Phrase,Ad group negative,Intent/appliance separation
SZ_Search_BayArea_Hyper_ExactPhrase_2026,Ice Maker Not Making Ice,not cooling,Phrase,Ad group negative,Intent/appliance separation
SZ_Search_BayArea_Hyper_ExactPhrase_2026,Ice Maker Not Making Ice,not freezing,Phrase,Ad group negative,Intent/appliance separation
SZ_Search_BayArea_Hyper_ExactPhrase_2026,Ice Maker Not Making Ice,leaking,Broad,Ad group negative,Intent/appliance separation
SZ_Search_BayArea_Hyper_ExactPhrase_2026,Ice Maker Leaking,door,Broad,Ad group negative,Intent/appliance separation
SZ_Search_BayArea_Hyper_ExactPhrase_2026,Ice Maker Leaking,gasket,Broad,Ad group negative,Intent/appliance separation
SZ_Search_BayArea_Hyper_ExactPhrase_2026,Ice Maker Leaking,seal,Broad,Ad group negative,Intent/appliance separation
SZ_Search_BayArea_Hyper_ExactPhrase_2026,Ice Maker Leaking,hinge,Broad,Ad group negative,Intent/appliance separation
SZ_Search_BayArea_Hyper_ExactPhrase_2026,Ice Maker Leaking,handle,Broad,Ad group negative,Intent/appliance separation
SZ_Search_BayArea_Hyper_ExactPhrase_2026,Ice Maker Leaking,refrigerator,Broad,Ad group negative,Intent/appliance separation
SZ_Search_BayArea_Hyper_ExactPhrase_2026,Ice Maker Leaking,fridge,Broad,Ad group negative,Intent/appliance separation
SZ_Search_BayArea_Hyper_ExactPhrase_2026,Ice Maker Leaking,freezer,Broad,Ad group negative,Intent/appliance separation
SZ_Search_BayArea_Hyper_ExactPhrase_2026,Ice Maker Leaking,wine cooler,Phrase,Ad group negative,Intent/appliance separation
SZ_Search_BayArea_Hyper_ExactPhrase_2026,Ice Maker Leaking,not cooling,Phrase,Ad group negative,Intent/appliance separation
SZ_Search_BayArea_Hyper_ExactPhrase_2026,Ice Maker Leaking,not freezing,Phrase,Ad group negative,Intent/appliance separation
SZ_Search_BayArea_Hyper_ExactPhrase_2026,Ice Maker Leaking,not working,Phrase,Ad group negative,Intent/appliance separation
SZ_Search_BayArea_Hyper_ExactPhrase_2026,Ice Dispenser Not Working,door,Broad,Ad group negative,Intent/appliance separation
SZ_Search_BayArea_Hyper_ExactPhrase_2026,Ice Dispenser Not Working,gasket,Broad,Ad group negative,Intent/appliance separation
SZ_Search_BayArea_Hyper_ExactPhrase_2026,Ice Dispenser Not Working,seal,Broad,Ad group negative,Intent/appliance separation
SZ_Search_BayArea_Hyper_ExactPhrase_2026,Ice Dispenser Not Working,hinge,Broad,Ad group negative,Intent/appliance separation
SZ_Search_BayArea_Hyper_ExactPhrase_2026,Ice Dispenser Not Working,handle,Broad,Ad group negative,Intent/appliance separation
SZ_Search_BayArea_Hyper_ExactPhrase_2026,Ice Dispenser Not Working,refrigerator,Broad,Ad group negative,Intent/appliance separation
SZ_Search_BayArea_Hyper_ExactPhrase_2026,Ice Dispenser Not Working,fridge,Broad,Ad group negative,Intent/appliance separation
SZ_Search_BayArea_Hyper_ExactPhrase_2026,Ice Dispenser Not Working,freezer,Broad,Ad group negative,Intent/appliance separation
SZ_Search_BayArea_Hyper_ExactPhrase_2026,Ice Dispenser Not Working,wine cooler,Phrase,Ad group negative,Intent/appliance separation
SZ_Search_BayArea_Hyper_ExactPhrase_2026,Ice Dispenser Not Working,not cooling,Phrase,Ad group negative,Intent/appliance separation
SZ_Search_BayArea_Hyper_ExactPhrase_2026,Ice Dispenser Not Working,not freezing,Phrase,Ad group negative,Intent/appliance separation
SZ_Search_BayArea_Hyper_ExactPhrase_2026,Ice Dispenser Not Working,leaking,Broad,Ad group negative,Intent/appliance separation
SZ_Search_BayArea_Hyper_ExactPhrase_2026,Freezer Repair,door,Broad,Ad group negative,Intent/appliance separation
SZ_Search_BayArea_Hyper_ExactPhrase_2026,Freezer Repair,gasket,Broad,Ad group negative,Intent/appliance separation
SZ_Search_BayArea_Hyper_ExactPhrase_2026,Freezer Repair,seal,Broad,Ad group negative,Intent/appliance separation
SZ_Search_BayArea_Hyper_ExactPhrase_2026,Freezer Repair,hinge,Broad,Ad group negative,Intent/appliance separation
SZ_Search_BayArea_Hyper_ExactPhrase_2026,Freezer Repair,handle,Broad,Ad group negative,Intent/appliance separation
SZ_Search_BayArea_Hyper_ExactPhrase_2026,Freezer Repair,refrigerator,Broad,Ad group negative,Intent/appliance separation
SZ_Search_BayArea_Hyper_ExactPhrase_2026,Freezer Repair,fridge,Broad,Ad group negative,Intent/appliance separation
SZ_Search_BayArea_Hyper_ExactPhrase_2026,Freezer Repair,ice maker,Phrase,Ad group negative,Intent/appliance separation
SZ_Search_BayArea_Hyper_ExactPhrase_2026,Freezer Repair,wine cooler,Phrase,Ad group negative,Intent/appliance separation
SZ_Search_BayArea_Hyper_ExactPhrase_2026,Freezer Service,door,Broad,Ad group negative,Intent/appliance separation
SZ_Search_BayArea_Hyper_ExactPhrase_2026,Freezer Service,gasket,Broad,Ad group negative,Intent/appliance separation
SZ_Search_BayArea_Hyper_ExactPhrase_2026,Freezer Service,seal,Broad,Ad group negative,Intent/appliance separation
SZ_Search_BayArea_Hyper_ExactPhrase_2026,Freezer Service,hinge,Broad,Ad group negative,Intent/appliance separation
SZ_Search_BayArea_Hyper_ExactPhrase_2026,Freezer Service,handle,Broad,Ad group negative,Intent/appliance separation
SZ_Search_BayArea_Hyper_ExactPhrase_2026,Freezer Service,refrigerator,Broad,Ad group negative,Intent/appliance separation
SZ_Search_BayArea_Hyper_ExactPhrase_2026,Freezer Service,fridge,Broad,Ad group negative,Intent/appliance separation
SZ_Search_BayArea_Hyper_ExactPhrase_2026,Freezer Service,ice maker,Phrase,Ad group negative,Intent/appliance separation
SZ_Search_BayArea_Hyper_ExactPhrase_2026,Freezer Service,wine cooler,Phrase,Ad group negative,Intent/appliance separation
SZ_Search_BayArea_Hyper_ExactPhrase_2026,Freezer Near Me,door,Broad,Ad group negative,Intent/appliance separation
SZ_Search_BayArea_Hyper_ExactPhrase_2026,Freezer Near Me,gasket,Broad,Ad group negative,Intent/appliance separation
SZ_Search_BayArea_Hyper_ExactPhrase_2026,Freezer Near Me,seal,Broad,Ad group negative,Intent/appliance separation
SZ_Search_BayArea_Hyper_ExactPhrase_2026,Freezer Near Me,hinge,Broad,Ad group negative,Intent/appliance separation
SZ_Search_BayArea_Hyper_ExactPhrase_2026,Freezer Near Me,handle,Broad,Ad group negative,Intent/appliance separation
SZ_Search_BayArea_Hyper_ExactPhrase_2026,Freezer Near Me,refrigerator,Broad,Ad group negative,Intent/appliance separation
SZ_Search_BayArea_Hyper_ExactPhrase_2026,Freezer Near Me,fridge,Broad,Ad group negative,Intent/appliance separation
SZ_Search_BayArea_Hyper_ExactPhrase_2026,Freezer Near Me,ice maker,Phrase,Ad group negative,Intent/appliance separation
SZ_Search_BayArea_Hyper_ExactPhrase_2026,Freezer Near Me,wine cooler,Phrase,Ad group negative,Intent/appliance separation
SZ_Search_BayArea_Hyper_ExactPhrase_2026,Freezer Technician,door,Broad,Ad group negative,Intent/appliance separation
SZ_Search_BayArea_Hyper_ExactPhrase_2026,Freezer Technician,gasket,Broad,Ad group negative,Intent/appliance separation
SZ_Search_BayArea_Hyper_ExactPhrase_2026,Freezer Technician,seal,Broad,Ad group negative,Intent/appliance separation
SZ_Search_BayArea_Hyper_ExactPhrase_2026,Freezer Technician,hinge,Broad,Ad group negative,Intent/appliance separation
SZ_Search_BayArea_Hyper_ExactPhrase_2026,Freezer Technician,handle,Broad,Ad group negative,Intent/appliance separation
SZ_Search_BayArea_Hyper_ExactPhrase_2026,Freezer Technician,refrigerator,Broad,Ad group negative,Intent/appliance separation
SZ_Search_BayArea_Hyper_ExactPhrase_2026,Freezer Technician,fridge,Broad,Ad group negative,Intent/appliance separation
SZ_Search_BayArea_Hyper_ExactPhrase_2026,Freezer Technician,ice maker,Phrase,Ad group negative,Intent/appliance separation
SZ_Search_BayArea_Hyper_ExactPhrase_2026,Freezer Technician,wine cooler,Phrase,Ad group negative,Intent/appliance separation
SZ_Search_BayArea_Hyper_ExactPhrase_2026,Freezer Not Cooling,door,Broad,Ad group negative,Intent/appliance separation
SZ_Search_BayArea_Hyper_ExactPhrase_2026,Freezer Not Cooling,gasket,Broad,Ad group negative,Intent/appliance separation
SZ_Search_BayArea_Hyper_ExactPhrase_2026,Freezer Not Cooling,seal,Broad,Ad group negative,Intent/appliance separation
SZ_Search_BayArea_Hyper_ExactPhrase_2026,Freezer Not Cooling,hinge,Broad,Ad group negative,Intent/appliance separation
SZ_Search_BayArea_Hyper_ExactPhrase_2026,Freezer Not Cooling,handle,Broad,Ad group negative,Intent/appliance separation
SZ_Search_BayArea_Hyper_ExactPhrase_2026,Freezer Not Cooling,refrigerator,Broad,Ad group negative,Intent/appliance separation
SZ_Search_BayArea_Hyper_ExactPhrase_2026,Freezer Not Cooling,fridge,Broad,Ad group negative,Intent/appliance separation
SZ_Search_BayArea_Hyper_ExactPhrase_2026,Freezer Not Cooling,ice maker,Phrase,Ad group negative,Intent/appliance separation
SZ_Search_BayArea_Hyper_ExactPhrase_2026,Freezer Not Cooling,wine cooler,Phrase,Ad group negative,Intent/appliance separation
SZ_Search_BayArea_Hyper_ExactPhrase_2026,Freezer Not Cooling,not freezing,Phrase,Ad group negative,Intent/appliance separation
SZ_Search_BayArea_Hyper_ExactPhrase_2026,Freezer Not Cooling,not working,Phrase,Ad group negative,Intent/appliance separation
SZ_Search_BayArea_Hyper_ExactPhrase_2026,Freezer Not Cooling,leaking,Broad,Ad group negative,Intent/appliance separation
SZ_Search_BayArea_Hyper_ExactPhrase_2026,Freezer Not Cooling,not making ice,Phrase,Ad group negative,Intent/appliance separation
SZ_Search_BayArea_Hyper_ExactPhrase_2026,Freezer Not Freezing,door,Broad,Ad group negative,Intent/appliance separation
SZ_Search_BayArea_Hyper_ExactPhrase_2026,Freezer Not Freezing,gasket,Broad,Ad group negative,Intent/appliance separation
SZ_Search_BayArea_Hyper_ExactPhrase_2026,Freezer Not Freezing,seal,Broad,Ad group negative,Intent/appliance separation
SZ_Search_BayArea_Hyper_ExactPhrase_2026,Freezer Not Freezing,hinge,Broad,Ad group negative,Intent/appliance separation
SZ_Search_BayArea_Hyper_ExactPhrase_2026,Freezer Not Freezing,handle,Broad,Ad group negative,Intent/appliance separation
SZ_Search_BayArea_Hyper_ExactPhrase_2026,Freezer Not Freezing,refrigerator,Broad,Ad group negative,Intent/appliance separation
SZ_Search_BayArea_Hyper_ExactPhrase_2026,Freezer Not Freezing,fridge,Broad,Ad group negative,Intent/appliance separation
SZ_Search_BayArea_Hyper_ExactPhrase_2026,Freezer Not Freezing,ice maker,Phrase,Ad group negative,Intent/appliance separation
SZ_Search_BayArea_Hyper_ExactPhrase_2026,Freezer Not Freezing,wine cooler,Phrase,Ad group negative,Intent/appliance separation
SZ_Search_BayArea_Hyper_ExactPhrase_2026,Freezer Not Freezing,not cooling,Phrase,Ad group negative,Intent/appliance separation
SZ_Search_BayArea_Hyper_ExactPhrase_2026,Freezer Not Freezing,not working,Phrase,Ad group negative,Intent/appliance separation
SZ_Search_BayArea_Hyper_ExactPhrase_2026,Freezer Not Freezing,leaking,Broad,Ad group negative,Intent/appliance separation
SZ_Search_BayArea_Hyper_ExactPhrase_2026,Freezer Not Working,door,Broad,Ad group negative,Intent/appliance separation
SZ_Search_BayArea_Hyper_ExactPhrase_2026,Freezer Not Working,gasket,Broad,Ad group negative,Intent/appliance separation
SZ_Search_BayArea_Hyper_ExactPhrase_2026,Freezer Not Working,seal,Broad,Ad group negative,Intent/appliance separation
SZ_Search_BayArea_Hyper_ExactPhrase_2026,Freezer Not Working,hinge,Broad,Ad group negative,Intent/appliance separation
SZ_Search_BayArea_Hyper_ExactPhrase_2026,Freezer Not Working,handle,Broad,Ad group negative,Intent/appliance separation
SZ_Search_BayArea_Hyper_ExactPhrase_2026,Freezer Not Working,refrigerator,Broad,Ad group negative,Intent/appliance separation
SZ_Search_BayArea_Hyper_ExactPhrase_2026,Freezer Not Working,fridge,Broad,Ad group negative,Intent/appliance separation
SZ_Search_BayArea_Hyper_ExactPhrase_2026,Freezer Not Working,ice maker,Phrase,Ad group negative,Intent/appliance separation
SZ_Search_BayArea_Hyper_ExactPhrase_2026,Freezer Not Working,wine cooler,Phrase,Ad group negative,Intent/appliance separation
SZ_Search_BayArea_Hyper_ExactPhrase_2026,Freezer Not Working,not cooling,Phrase,Ad group negative,Intent/appliance separation
SZ_Search_BayArea_Hyper_ExactPhrase_2026,Freezer Not Working,not freezing,Phrase,Ad group negative,Intent/appliance separation
SZ_Search_BayArea_Hyper_ExactPhrase_2026,Freezer Not Working,leaking,Broad,Ad group negative,Intent/appliance separation
SZ_Search_BayArea_Hyper_ExactPhrase_2026,Freezer Leaking,door,Broad,Ad group negative,Intent/appliance separation
SZ_Search_BayArea_Hyper_ExactPhrase_2026,Freezer Leaking,gasket,Broad,Ad group negative,Intent/appliance separation
SZ_Search_BayArea_Hyper_ExactPhrase_2026,Freezer Leaking,seal,Broad,Ad group negative,Intent/appliance separation
SZ_Search_BayArea_Hyper_ExactPhrase_2026,Freezer Leaking,hinge,Broad,Ad group negative,Intent/appliance separation
SZ_Search_BayArea_Hyper_ExactPhrase_2026,Freezer Leaking,handle,Broad,Ad group negative,Intent/appliance separation
SZ_Search_BayArea_Hyper_ExactPhrase_2026,Freezer Leaking,refrigerator,Broad,Ad group negative,Intent/appliance separation
SZ_Search_BayArea_Hyper_ExactPhrase_2026,Freezer Leaking,fridge,Broad,Ad group negative,Intent/appliance separation
SZ_Search_BayArea_Hyper_ExactPhrase_2026,Freezer Leaking,ice maker,Phrase,Ad group negative,Intent/appliance separation
SZ_Search_BayArea_Hyper_ExactPhrase_2026,Freezer Leaking,wine cooler,Phrase,Ad group negative,Intent/appliance separation
SZ_Search_BayArea_Hyper_ExactPhrase_2026,Freezer Leaking,not cooling,Phrase,Ad group negative,Intent/appliance separation
SZ_Search_BayArea_Hyper_ExactPhrase_2026,Freezer Leaking,not freezing,Phrase,Ad group negative,Intent/appliance separation
SZ_Search_BayArea_Hyper_ExactPhrase_2026,Freezer Leaking,not working,Phrase,Ad group negative,Intent/appliance separation
SZ_Search_BayArea_Hyper_ExactPhrase_2026,Fridge Repair,door,Broad,Ad group negative,Intent/appliance separation
SZ_Search_BayArea_Hyper_ExactPhrase_2026,Fridge Repair,gasket,Broad,Ad group negative,Intent/appliance separation
SZ_Search_BayArea_Hyper_ExactPhrase_2026,Fridge Repair,seal,Broad,Ad group negative,Intent/appliance separation
SZ_Search_BayArea_Hyper_ExactPhrase_2026,Fridge Repair,hinge,Broad,Ad group negative,Intent/appliance separation
SZ_Search_BayArea_Hyper_ExactPhrase_2026,Fridge Repair,handle,Broad,Ad group negative,Intent/appliance separation
SZ_Search_BayArea_Hyper_ExactPhrase_2026,Fridge Repair,refrigerator,Broad,Ad group negative,Intent/appliance separation
SZ_Search_BayArea_Hyper_ExactPhrase_2026,Fridge Repair,freezer,Broad,Ad group negative,Intent/appliance separation
SZ_Search_BayArea_Hyper_ExactPhrase_2026,Fridge Repair,ice maker,Phrase,Ad group negative,Intent/appliance separation
SZ_Search_BayArea_Hyper_ExactPhrase_2026,Fridge Repair,wine cooler,Phrase,Ad group negative,Intent/appliance separation
SZ_Search_BayArea_Hyper_ExactPhrase_2026,Fridge Service,door,Broad,Ad group negative,Intent/appliance separation
SZ_Search_BayArea_Hyper_ExactPhrase_2026,Fridge Service,gasket,Broad,Ad group negative,Intent/appliance separation
SZ_Search_BayArea_Hyper_ExactPhrase_2026,Fridge Service,seal,Broad,Ad group negative,Intent/appliance separation
SZ_Search_BayArea_Hyper_ExactPhrase_2026,Fridge Service,hinge,Broad,Ad group negative,Intent/appliance separation
SZ_Search_BayArea_Hyper_ExactPhrase_2026,Fridge Service,handle,Broad,Ad group negative,Intent/appliance separation
SZ_Search_BayArea_Hyper_ExactPhrase_2026,Fridge Service,refrigerator,Broad,Ad group negative,Intent/appliance separation
SZ_Search_BayArea_Hyper_ExactPhrase_2026,Fridge Service,freezer,Broad,Ad group negative,Intent/appliance separation
SZ_Search_BayArea_Hyper_ExactPhrase_2026,Fridge Service,ice maker,Phrase,Ad group negative,Intent/appliance separation
SZ_Search_BayArea_Hyper_ExactPhrase_2026,Fridge Service,wine cooler,Phrase,Ad group negative,Intent/appliance separation
SZ_Search_BayArea_Hyper_ExactPhrase_2026,Fridge Near Me,door,Broad,Ad group negative,Intent/appliance separation
SZ_Search_BayArea_Hyper_ExactPhrase_2026,Fridge Near Me,gasket,Broad,Ad group negative,Intent/appliance separation
SZ_Search_BayArea_Hyper_ExactPhrase_2026,Fridge Near Me,seal,Broad,Ad group negative,Intent/appliance separation
SZ_Search_BayArea_Hyper_ExactPhrase_2026,Fridge Near Me,hinge,Broad,Ad group negative,Intent/appliance separation
SZ_Search_BayArea_Hyper_ExactPhrase_2026,Fridge Near Me,handle,Broad,Ad group negative,Intent/appliance separation
SZ_Search_BayArea_Hyper_ExactPhrase_2026,Fridge Near Me,refrigerator,Broad,Ad group negative,Intent/appliance separation
SZ_Search_BayArea_Hyper_ExactPhrase_2026,Fridge Near Me,freezer,Broad,Ad group negative,Intent/appliance separation
SZ_Search_BayArea_Hyper_ExactPhrase_2026,Fridge Near Me,ice maker,Phrase,Ad group negative,Intent/appliance separation
SZ_Search_BayArea_Hyper_ExactPhrase_2026,Fridge Near Me,wine cooler,Phrase,Ad group negative,Intent/appliance separation
SZ_Search_BayArea_Hyper_ExactPhrase_2026,Fridge Technician,door,Broad,Ad group negative,Intent/appliance separation
SZ_Search_BayArea_Hyper_ExactPhrase_2026,Fridge Technician,gasket,Broad,Ad group negative,Intent/appliance separation
SZ_Search_BayArea_Hyper_ExactPhrase_2026,Fridge Technician,seal,Broad,Ad group negative,Intent/appliance separation
SZ_Search_BayArea_Hyper_ExactPhrase_2026,Fridge Technician,hinge,Broad,Ad group negative,Intent/appliance separation
SZ_Search_BayArea_Hyper_ExactPhrase_2026,Fridge Technician,handle,Broad,Ad group negative,Intent/appliance separation
SZ_Search_BayArea_Hyper_ExactPhrase_2026,Fridge Technician,refrigerator,Broad,Ad group negative,Intent/appliance separation
SZ_Search_BayArea_Hyper_ExactPhrase_2026,Fridge Technician,freezer,Broad,Ad group negative,Intent/appliance separation
SZ_Search_BayArea_Hyper_ExactPhrase_2026,Fridge Technician,ice maker,Phrase,Ad group negative,Intent/appliance separation
SZ_Search_BayArea_Hyper_ExactPhrase_2026,Fridge Technician,wine cooler,Phrase,Ad group negative,Intent/appliance separation
SZ_Search_BayArea_Hyper_ExactPhrase_2026,Fridge Not Cooling,door,Broad,Ad group negative,Intent/appliance separation
SZ_Search_BayArea_Hyper_ExactPhrase_2026,Fridge Not Cooling,gasket,Broad,Ad group negative,Intent/appliance separation
SZ_Search_BayArea_Hyper_ExactPhrase_2026,Fridge Not Cooling,seal,Broad,Ad group negative,Intent/appliance separation
SZ_Search_BayArea_Hyper_ExactPhrase_2026,Fridge Not Cooling,hinge,Broad,Ad group negative,Intent/appliance separation
SZ_Search_BayArea_Hyper_ExactPhrase_2026,Fridge Not Cooling,handle,Broad,Ad group negative,Intent/appliance separation
SZ_Search_BayArea_Hyper_ExactPhrase_2026,Fridge Not Cooling,refrigerator,Broad,Ad group negative,Intent/appliance separation
SZ_Search_BayArea_Hyper_ExactPhrase_2026,Fridge Not Cooling,freezer,Broad,Ad group negative,Intent/appliance separation
SZ_Search_BayArea_Hyper_ExactPhrase_2026,Fridge Not Cooling,ice maker,Phrase,Ad group negative,Intent/appliance separation
SZ_Search_BayArea_Hyper_ExactPhrase_2026,Fridge Not Cooling,wine cooler,Phrase,Ad group negative,Intent/appliance separation
SZ_Search_BayArea_Hyper_ExactPhrase_2026,Fridge Not Cooling,not freezing,Phrase,Ad group negative,Intent/appliance separation
SZ_Search_BayArea_Hyper_ExactPhrase_2026,Fridge Not Cooling,not working,Phrase,Ad group negative,Intent/appliance separation
SZ_Search_BayArea_Hyper_ExactPhrase_2026,Fridge Not Cooling,leaking,Broad,Ad group negative,Intent/appliance separation
SZ_Search_BayArea_Hyper_ExactPhrase_2026,Fridge Not Cooling,not making ice,Phrase,Ad group negative,Intent/appliance separation
SZ_Search_BayArea_Hyper_ExactPhrase_2026,Fridge Not Freezing,door,Broad,Ad group negative,Intent/appliance separation
SZ_Search_BayArea_Hyper_ExactPhrase_2026,Fridge Not Freezing,gasket,Broad,Ad group negative,Intent/appliance separation
SZ_Search_BayArea_Hyper_ExactPhrase_2026,Fridge Not Freezing,seal,Broad,Ad group negative,Intent/appliance separation
SZ_Search_BayArea_Hyper_ExactPhrase_2026,Fridge Not Freezing,hinge,Broad,Ad group negative,Intent/appliance separation
SZ_Search_BayArea_Hyper_ExactPhrase_2026,Fridge Not Freezing,handle,Broad,Ad group negative,Intent/appliance separation
SZ_Search_BayArea_Hyper_ExactPhrase_2026,Fridge Not Freezing,refrigerator,Broad,Ad group negative,Intent/appliance separation
SZ_Search_BayArea_Hyper_ExactPhrase_2026,Fridge Not Freezing,freezer,Broad,Ad group negative,Intent/appliance separation
SZ_Search_BayArea_Hyper_ExactPhrase_2026,Fridge Not Freezing,ice maker,Phrase,Ad group negative,Intent/appliance separation
SZ_Search_BayArea_Hyper_ExactPhrase_2026,Fridge Not Freezing,wine cooler,Phrase,Ad group negative,Intent/appliance separation
SZ_Search_BayArea_Hyper_ExactPhrase_2026,Fridge Not Freezing,not cooling,Phrase,Ad group negative,Intent/appliance separation
SZ_Search_BayArea_Hyper_ExactPhrase_2026,Fridge Not Freezing,not working,Phrase,Ad group negative,Intent/appliance separation
SZ_Search_BayArea_Hyper_ExactPhrase_2026,Fridge Not Freezing,leaking,Broad,Ad group negative,Intent/appliance separation
SZ_Search_BayArea_Hyper_ExactPhrase_2026,Fridge Not Working,door,Broad,Ad group negative,Intent/appliance separation
SZ_Search_BayArea_Hyper_ExactPhrase_2026,Fridge Not Working,gasket,Broad,Ad group negative,Intent/appliance separation
SZ_Search_BayArea_Hyper_ExactPhrase_2026,Fridge Not Working,seal,Broad,Ad group negative,Intent/appliance separation
SZ_Search_BayArea_Hyper_ExactPhrase_2026,Fridge Not Working,hinge,Broad,Ad group negative,Intent/appliance separation
SZ_Search_BayArea_Hyper_ExactPhrase_2026,Fridge Not Working,handle,Broad,Ad group negative,Intent/appliance separation
SZ_Search_BayArea_Hyper_ExactPhrase_2026,Fridge Not Working,refrigerator,Broad,Ad group negative,Intent/appliance separation
SZ_Search_BayArea_Hyper_ExactPhrase_2026,Fridge Not Working,freezer,Broad,Ad group negative,Intent/appliance separation
SZ_Search_BayArea_Hyper_ExactPhrase_2026,Fridge Not Working,ice maker,Phrase,Ad group negative,Intent/appliance separation
SZ_Search_BayArea_Hyper_ExactPhrase_2026,Fridge Not Working,wine cooler,Phrase,Ad group negative,Intent/appliance separation
SZ_Search_BayArea_Hyper_ExactPhrase_2026,Fridge Not Working,not cooling,Phrase,Ad group negative,Intent/appliance separation
SZ_Search_BayArea_Hyper_ExactPhrase_2026,Fridge Not Working,not freezing,Phrase,Ad group negative,Intent/appliance separation
SZ_Search_BayArea_Hyper_ExactPhrase_2026,Fridge Not Working,leaking,Broad,Ad group negative,Intent/appliance separation
SZ_Search_BayArea_Hyper_ExactPhrase_2026,Fridge Leaking,door,Broad,Ad group negative,Intent/appliance separation
SZ_Search_BayArea_Hyper_ExactPhrase_2026,Fridge Leaking,gasket,Broad,Ad group negative,Intent/appliance separation
SZ_Search_BayArea_Hyper_ExactPhrase_2026,Fridge Leaking,seal,Broad,Ad group negative,Intent/appliance separation
SZ_Search_BayArea_Hyper_ExactPhrase_2026,Fridge Leaking,hinge,Broad,Ad group negative,Intent/appliance separation
SZ_Search_BayArea_Hyper_ExactPhrase_2026,Fridge Leaking,handle,Broad,Ad group negative,Intent/appliance separation
SZ_Search_BayArea_Hyper_ExactPhrase_2026,Fridge Leaking,refrigerator,Broad,Ad group negative,Intent/appliance separation
SZ_Search_BayArea_Hyper_ExactPhrase_2026,Fridge Leaking,freezer,Broad,Ad group negative,Intent/appliance separation
SZ_Search_BayArea_Hyper_ExactPhrase_2026,Fridge Leaking,ice maker,Phrase,Ad group negative,Intent/appliance separation
SZ_Search_BayArea_Hyper_ExactPhrase_2026,Fridge Leaking,wine cooler,Phrase,Ad group negative,Intent/appliance separation
SZ_Search_BayArea_Hyper_ExactPhrase_2026,Fridge Leaking,not cooling,Phrase,Ad group negative,Intent/appliance separation
SZ_Search_BayArea_Hyper_ExactPhrase_2026,Fridge Leaking,not freezing,Phrase,Ad group negative,Intent/appliance separation
SZ_Search_BayArea_Hyper_ExactPhrase_2026,Fridge Leaking,not working,Phrase,Ad group negative,Intent/appliance separation
SZ_Search_BayArea_Hyper_ExactPhrase_2026,Fridge Warm,door,Broad,Ad group negative,Intent/appliance separation
SZ_Search_BayArea_Hyper_ExactPhrase_2026,Fridge Warm,gasket,Broad,Ad group negative,Intent/appliance separation
SZ_Search_BayArea_Hyper_ExactPhrase_2026,Fridge Warm,seal,Broad,Ad group negative,Intent/appliance separation
SZ_Search_BayArea_Hyper_ExactPhrase_2026,Fridge Warm,hinge,Broad,Ad group negative,Intent/appliance separation
SZ_Search_BayArea_Hyper_ExactPhrase_2026,Fridge Warm,handle,Broad,Ad group negative,Intent/appliance separation
SZ_Search_BayArea_Hyper_ExactPhrase_2026,Fridge Warm,refrigerator,Broad,Ad group negative,Intent/appliance separation
SZ_Search_BayArea_Hyper_ExactPhrase_2026,Fridge Warm,freezer,Broad,Ad group negative,Intent/appliance separation
SZ_Search_BayArea_Hyper_ExactPhrase_2026,Fridge Warm,ice maker,Phrase,Ad group negative,Intent/appliance separation
SZ_Search_BayArea_Hyper_ExactPhrase_2026,Fridge Warm,wine cooler,Phrase,Ad group negative,Intent/appliance separation
SZ_Search_BayArea_Hyper_ExactPhrase_2026,Refrigerator Repair,door,Broad,Ad group negative,Intent/appliance separation
SZ_Search_BayArea_Hyper_ExactPhrase_2026,Refrigerator Repair,gasket,Broad,Ad group negative,Intent/appliance separation
SZ_Search_BayArea_Hyper_ExactPhrase_2026,Refrigerator Repair,seal,Broad,Ad group negative,Intent/appliance separation
SZ_Search_BayArea_Hyper_ExactPhrase_2026,Refrigerator Repair,hinge,Broad,Ad group negative,Intent/appliance separation
SZ_Search_BayArea_Hyper_ExactPhrase_2026,Refrigerator Repair,handle,Broad,Ad group negative,Intent/appliance separation
SZ_Search_BayArea_Hyper_ExactPhrase_2026,Refrigerator Repair,fridge,Broad,Ad group negative,Intent/appliance separation
SZ_Search_BayArea_Hyper_ExactPhrase_2026,Refrigerator Repair,freezer,Broad,Ad group negative,Intent/appliance separation
SZ_Search_BayArea_Hyper_ExactPhrase_2026,Refrigerator Repair,ice maker,Phrase,Ad group negative,Intent/appliance separation
SZ_Search_BayArea_Hyper_ExactPhrase_2026,Refrigerator Repair,wine cooler,Phrase,Ad group negative,Intent/appliance separation
SZ_Search_BayArea_Hyper_ExactPhrase_2026,Refrigerator Service,door,Broad,Ad group negative,Intent/appliance separation
SZ_Search_BayArea_Hyper_ExactPhrase_2026,Refrigerator Service,gasket,Broad,Ad group negative,Intent/appliance separation
SZ_Search_BayArea_Hyper_ExactPhrase_2026,Refrigerator Service,seal,Broad,Ad group negative,Intent/appliance separation
SZ_Search_BayArea_Hyper_ExactPhrase_2026,Refrigerator Service,hinge,Broad,Ad group negative,Intent/appliance separation
SZ_Search_BayArea_Hyper_ExactPhrase_2026,Refrigerator Service,handle,Broad,Ad group negative,Intent/appliance separation
SZ_Search_BayArea_Hyper_ExactPhrase_2026,Refrigerator Service,fridge,Broad,Ad group negative,Intent/appliance separation
SZ_Search_BayArea_Hyper_ExactPhrase_2026,Refrigerator Service,freezer,Broad,Ad group negative,Intent/appliance separation
SZ_Search_BayArea_Hyper_ExactPhrase_2026,Refrigerator Service,ice maker,Phrase,Ad group negative,Intent/appliance separation
SZ_Search_BayArea_Hyper_ExactPhrase_2026,Refrigerator Service,wine cooler,Phrase,Ad group negative,Intent/appliance separation
SZ_Search_BayArea_Hyper_ExactPhrase_2026,Refrigerator Near Me,door,Broad,Ad group negative,Intent/appliance separation
SZ_Search_BayArea_Hyper_ExactPhrase_2026,Refrigerator Near Me,gasket,Broad,Ad group negative,Intent/appliance separation
SZ_Search_BayArea_Hyper_ExactPhrase_2026,Refrigerator Near Me,seal,Broad,Ad group negative,Intent/appliance separation
SZ_Search_BayArea_Hyper_ExactPhrase_2026,Refrigerator Near Me,hinge,Broad,Ad group negative,Intent/appliance separation
SZ_Search_BayArea_Hyper_ExactPhrase_2026,Refrigerator Near Me,handle,Broad,Ad group negative,Intent/appliance separation
SZ_Search_BayArea_Hyper_ExactPhrase_2026,Refrigerator Near Me,fridge,Broad,Ad group negative,Intent/appliance separation
SZ_Search_BayArea_Hyper_ExactPhrase_2026,Refrigerator Near Me,freezer,Broad,Ad group negative,Intent/appliance separation
SZ_Search_BayArea_Hyper_ExactPhrase_2026,Refrigerator Near Me,ice maker,Phrase,Ad group negative,Intent/appliance separation
SZ_Search_BayArea_Hyper_ExactPhrase_2026,Refrigerator Near Me,wine cooler,Phrase,Ad group negative,Intent/appliance separation
SZ_Search_BayArea_Hyper_ExactPhrase_2026,Refrigerator Same Day,door,Broad,Ad group negative,Intent/appliance separation
SZ_Search_BayArea_Hyper_ExactPhrase_2026,Refrigerator Same Day,gasket,Broad,Ad group negative,Intent/appliance separation
SZ_Search_BayArea_Hyper_ExactPhrase_2026,Refrigerator Same Day,seal,Broad,Ad group negative,Intent/appliance separation
SZ_Search_BayArea_Hyper_ExactPhrase_2026,Refrigerator Same Day,hinge,Broad,Ad group negative,Intent/appliance separation
SZ_Search_BayArea_Hyper_ExactPhrase_2026,Refrigerator Same Day,handle,Broad,Ad group negative,Intent/appliance separation
SZ_Search_BayArea_Hyper_ExactPhrase_2026,Refrigerator Same Day,fridge,Broad,Ad group negative,Intent/appliance separation
SZ_Search_BayArea_Hyper_ExactPhrase_2026,Refrigerator Same Day,freezer,Broad,Ad group negative,Intent/appliance separation
SZ_Search_BayArea_Hyper_ExactPhrase_2026,Refrigerator Same Day,ice maker,Phrase,Ad group negative,Intent/appliance separation
SZ_Search_BayArea_Hyper_ExactPhrase_2026,Refrigerator Same Day,wine cooler,Phrase,Ad group negative,Intent/appliance separation
SZ_Search_BayArea_Hyper_ExactPhrase_2026,Refrigerator Technician,door,Broad,Ad group negative,Intent/appliance separation
SZ_Search_BayArea_Hyper_ExactPhrase_2026,Refrigerator Technician,gasket,Broad,Ad group negative,Intent/appliance separation
SZ_Search_BayArea_Hyper_ExactPhrase_2026,Refrigerator Technician,seal,Broad,Ad group negative,Intent/appliance separation
SZ_Search_BayArea_Hyper_ExactPhrase_2026,Refrigerator Technician,hinge,Broad,Ad group negative,Intent/appliance separation
SZ_Search_BayArea_Hyper_ExactPhrase_2026,Refrigerator Technician,handle,Broad,Ad group negative,Intent/appliance separation
SZ_Search_BayArea_Hyper_ExactPhrase_2026,Refrigerator Technician,fridge,Broad,Ad group negative,Intent/appliance separation
SZ_Search_BayArea_Hyper_ExactPhrase_2026,Refrigerator Technician,freezer,Broad,Ad group negative,Intent/appliance separation
SZ_Search_BayArea_Hyper_ExactPhrase_2026,Refrigerator Technician,ice maker,Phrase,Ad group negative,Intent/appliance separation
SZ_Search_BayArea_Hyper_ExactPhrase_2026,Refrigerator Technician,wine cooler,Phrase,Ad group negative,Intent/appliance separation
SZ_Search_BayArea_Hyper_ExactPhrase_2026,Refrigerator Not Cooling,door,Broad,Ad group negative,Intent/appliance separation
SZ_Search_BayArea_Hyper_ExactPhrase_2026,Refrigerator Not Cooling,gasket,Broad,Ad group negative,Intent/appliance separation
SZ_Search_BayArea_Hyper_ExactPhrase_2026,Refrigerator Not Cooling,seal,Broad,Ad group negative,Intent/appliance separation
SZ_Search_BayArea_Hyper_ExactPhrase_2026,Refrigerator Not Cooling,hinge,Broad,Ad group negative,Intent/appliance separation
SZ_Search_BayArea_Hyper_ExactPhrase_2026,Refrigerator Not Cooling,handle,Broad,Ad group negative,Intent/appliance separation
SZ_Search_BayArea_Hyper_ExactPhrase_2026,Refrigerator Not Cooling,fridge,Broad,Ad group negative,Intent/appliance separation
SZ_Search_BayArea_Hyper_ExactPhrase_2026,Refrigerator Not Cooling,freezer,Broad,Ad group negative,Intent/appliance separation
SZ_Search_BayArea_Hyper_ExactPhrase_2026,Refrigerator Not Cooling,ice maker,Phrase,Ad group negative,Intent/appliance separation
SZ_Search_BayArea_Hyper_ExactPhrase_2026,Refrigerator Not Cooling,wine cooler,Phrase,Ad group negative,Intent/appliance separation
SZ_Search_BayArea_Hyper_ExactPhrase_2026,Refrigerator Not Cooling,not freezing,Phrase,Ad group negative,Intent/appliance separation
SZ_Search_BayArea_Hyper_ExactPhrase_2026,Refrigerator Not Cooling,not working,Phrase,Ad group negative,Intent/appliance separation
SZ_Search_BayArea_Hyper_ExactPhrase_2026,Refrigerator Not Cooling,leaking,Broad,Ad group negative,Intent/appliance separation
SZ_Search_BayArea_Hyper_ExactPhrase_2026,Refrigerator Not Cooling,not making ice,Phrase,Ad group negative,Intent/appliance separation
SZ_Search_BayArea_Hyper_ExactPhrase_2026,Refrigerator Not Freezing,door,Broad,Ad group negative,Intent/appliance separation
SZ_Search_BayArea_Hyper_ExactPhrase_2026,Refrigerator Not Freezing,gasket,Broad,Ad group negative,Intent/appliance separation
SZ_Search_BayArea_Hyper_ExactPhrase_2026,Refrigerator Not Freezing,seal,Broad,Ad group negative,Intent/appliance separation
SZ_Search_BayArea_Hyper_ExactPhrase_2026,Refrigerator Not Freezing,hinge,Broad,Ad group negative,Intent/appliance separation
SZ_Search_BayArea_Hyper_ExactPhrase_2026,Refrigerator Not Freezing,handle,Broad,Ad group negative,Intent/appliance separation
SZ_Search_BayArea_Hyper_ExactPhrase_2026,Refrigerator Not Freezing,fridge,Broad,Ad group negative,Intent/appliance separation
SZ_Search_BayArea_Hyper_ExactPhrase_2026,Refrigerator Not Freezing,freezer,Broad,Ad group negative,Intent/appliance separation
SZ_Search_BayArea_Hyper_ExactPhrase_2026,Refrigerator Not Freezing,ice maker,Phrase,Ad group negative,Intent/appliance separation
SZ_Search_BayArea_Hyper_ExactPhrase_2026,Refrigerator Not Freezing,wine cooler,Phrase,Ad group negative,Intent/appliance separation
SZ_Search_BayArea_Hyper_ExactPhrase_2026,Refrigerator Not Freezing,not cooling,Phrase,Ad group negative,Intent/appliance separation
SZ_Search_BayArea_Hyper_ExactPhrase_2026,Refrigerator Not Freezing,not working,Phrase,Ad group negative,Intent/appliance separation
SZ_Search_BayArea_Hyper_ExactPhrase_2026,Refrigerator Not Freezing,leaking,Broad,Ad group negative,Intent/appliance separation
SZ_Search_BayArea_Hyper_ExactPhrase_2026,Refrigerator Not Working,door,Broad,Ad group negative,Intent/appliance separation
SZ_Search_BayArea_Hyper_ExactPhrase_2026,Refrigerator Not Working,gasket,Broad,Ad group negative,Intent/appliance separation
SZ_Search_BayArea_Hyper_ExactPhrase_2026,Refrigerator Not Working,seal,Broad,Ad group negative,Intent/appliance separation
SZ_Search_BayArea_Hyper_ExactPhrase_2026,Refrigerator Not Working,hinge,Broad,Ad group negative,Intent/appliance separation
SZ_Search_BayArea_Hyper_ExactPhrase_2026,Refrigerator Not Working,handle,Broad,Ad group negative,Intent/appliance separation
SZ_Search_BayArea_Hyper_ExactPhrase_2026,Refrigerator Not Working,fridge,Broad,Ad group negative,Intent/appliance separation
SZ_Search_BayArea_Hyper_ExactPhrase_2026,Refrigerator Not Working,freezer,Broad,Ad group negative,Intent/appliance separation
SZ_Search_BayArea_Hyper_ExactPhrase_2026,Refrigerator Not Working,ice maker,Phrase,Ad group negative,Intent/appliance separation
SZ_Search_BayArea_Hyper_ExactPhrase_2026,Refrigerator Not Working,wine cooler,Phrase,Ad group negative,Intent/appliance separation
SZ_Search_BayArea_Hyper_ExactPhrase_2026,Refrigerator Not Working,not cooling,Phrase,Ad group negative,Intent/appliance separation
SZ_Search_BayArea_Hyper_ExactPhrase_2026,Refrigerator Not Working,not freezing,Phrase,Ad group negative,Intent/appliance separation
SZ_Search_BayArea_Hyper_ExactPhrase_2026,Refrigerator Not Working,leaking,Broad,Ad group negative,Intent/appliance separation
SZ_Search_BayArea_Hyper_ExactPhrase_2026,Refrigerator Leaking,door,Broad,Ad group negative,Intent/appliance separation
SZ_Search_BayArea_Hyper_ExactPhrase_2026,Refrigerator Leaking,gasket,Broad,Ad group negative,Intent/appliance separation
SZ_Search_BayArea_Hyper_ExactPhrase_2026,Refrigerator Leaking,seal,Broad,Ad group negative,Intent/appliance separation
SZ_Search_BayArea_Hyper_ExactPhrase_2026,Refrigerator Leaking,hinge,Broad,Ad group negative,Intent/appliance separation
SZ_Search_BayArea_Hyper_ExactPhrase_2026,Refrigerator Leaking,handle,Broad,Ad group negative,Intent/appliance separation
SZ_Search_BayArea_Hyper_ExactPhrase_2026,Refrigerator Leaking,fridge,Broad,Ad group negative,Intent/appliance separation
SZ_Search_BayArea_Hyper_ExactPhrase_2026,Refrigerator Leaking,freezer,Broad,Ad group negative,Intent/appliance separation
SZ_Search_BayArea_Hyper_ExactPhrase_2026,Refrigerator Leaking,ice maker,Phrase,Ad group negative,Intent/appliance separation
SZ_Search_BayArea_Hyper_ExactPhrase_2026,Refrigerator Leaking,wine cooler,Phrase,Ad group negative,Intent/appliance separation
SZ_Search_BayArea_Hyper_ExactPhrase_2026,Refrigerator Leaking,not cooling,Phrase,Ad group negative,Intent/appliance separation
SZ_Search_BayArea_Hyper_ExactPhrase_2026,Refrigerator Leaking,not freezing,Phrase,Ad group negative,Intent/appliance separation
SZ_Search_BayArea_Hyper_ExactPhrase_2026,Refrigerator Leaking,not working,Phrase,Ad group negative,Intent/appliance separation
SZ_Search_BayArea_Hyper_ExactPhrase_2026,Refrigerator Warm,door,Broad,Ad group negative,Intent/appliance separation
SZ_Search_BayArea_Hyper_ExactPhrase_2026,Refrigerator Warm,gasket,Broad,Ad group negative,Intent/appliance separation
SZ_Search_BayArea_Hyper_ExactPhrase_2026,Refrigerator Warm,seal,Broad,Ad group negative,Intent/appliance separation
SZ_Search_BayArea_Hyper_ExactPhrase_2026,Refrigerator Warm,hinge,Broad,Ad group negative,Intent/appliance separation
SZ_Search_BayArea_Hyper_ExactPhrase_2026,Refrigerator Warm,handle,Broad,Ad group negative,Intent/appliance separation
SZ_Search_BayArea_Hyper_ExactPhrase_2026,Refrigerator Warm,fridge,Broad,Ad group negative,Intent/appliance separation
SZ_Search_BayArea_Hyper_ExactPhrase_2026,Refrigerator Warm,freezer,Broad,Ad group negative,Intent/appliance separation
SZ_Search_BayArea_Hyper_ExactPhrase_2026,Refrigerator Warm,ice maker,Phrase,Ad group negative,Intent/appliance separation
SZ_Search_BayArea_Hyper_ExactPhrase_2026,Refrigerator Warm,wine cooler,Phrase,Ad group negative,Intent/appliance separation
SZ_Search_BayArea_Hyper_ExactPhrase_2026,Refrigerator Error Code,door,Broad,Ad group negative,Intent/appliance separation
SZ_Search_BayArea_Hyper_ExactPhrase_2026,Refrigerator Error Code,gasket,Broad,Ad group negative,Intent/appliance separation
SZ_Search_BayArea_Hyper_ExactPhrase_2026,Refrigerator Error Code,seal,Broad,Ad group negative,Intent/appliance separation
SZ_Search_BayArea_Hyper_ExactPhrase_2026,Refrigerator Error Code,hinge,Broad,Ad group negative,Intent/appliance separation
SZ_Search_BayArea_Hyper_ExactPhrase_2026,Refrigerator Error Code,handle,Broad,Ad group negative,Intent/appliance separation
SZ_Search_BayArea_Hyper_ExactPhrase_2026,Refrigerator Error Code,fridge,Broad,Ad group negative,Intent/appliance separation
SZ_Search_BayArea_Hyper_ExactPhrase_2026,Refrigerator Error Code,freezer,Broad,Ad group negative,Intent/appliance separation
SZ_Search_BayArea_Hyper_ExactPhrase_2026,Refrigerator Error Code,ice maker,Phrase,Ad group negative,Intent/appliance separation
SZ_Search_BayArea_Hyper_ExactPhrase_2026,Refrigerator Error Code,wine cooler,Phrase,Ad group negative,Intent/appliance separation
SZ_Search_BayArea_Hyper_ExactPhrase_2026,Core Brand Repair,door,Broad,Ad group negative,Intent/appliance separation
SZ_Search_BayArea_Hyper_ExactPhrase_2026,Core Brand Repair,gasket,Broad,Ad group negative,Intent/appliance separation
SZ_Search_BayArea_Hyper_ExactPhrase_2026,Core Brand Repair,seal,Broad,Ad group negative,Intent/appliance separation
SZ_Search_BayArea_Hyper_ExactPhrase_2026,Core Brand Repair,hinge,Broad,Ad group negative,Intent/appliance separation
SZ_Search_BayArea_Hyper_ExactPhrase_2026,Core Brand Repair,handle,Broad,Ad group negative,Intent/appliance separation
SZ_Search_BayArea_Hyper_ExactPhrase_2026,Core Brand Service,door,Broad,Ad group negative,Intent/appliance separation
SZ_Search_BayArea_Hyper_ExactPhrase_2026,Core Brand Service,gasket,Broad,Ad group negative,Intent/appliance separation
SZ_Search_BayArea_Hyper_ExactPhrase_2026,Core Brand Service,seal,Broad,Ad group negative,Intent/appliance separation
SZ_Search_BayArea_Hyper_ExactPhrase_2026,Core Brand Service,hinge,Broad,Ad group negative,Intent/appliance separation
SZ_Search_BayArea_Hyper_ExactPhrase_2026,Core Brand Service,handle,Broad,Ad group negative,Intent/appliance separation
SZ_Search_BayArea_Hyper_ExactPhrase_2026,Core Near Me,door,Broad,Ad group negative,Intent/appliance separation
SZ_Search_BayArea_Hyper_ExactPhrase_2026,Core Near Me,gasket,Broad,Ad group negative,Intent/appliance separation
SZ_Search_BayArea_Hyper_ExactPhrase_2026,Core Near Me,seal,Broad,Ad group negative,Intent/appliance separation
SZ_Search_BayArea_Hyper_ExactPhrase_2026,Core Near Me,hinge,Broad,Ad group negative,Intent/appliance separation
SZ_Search_BayArea_Hyper_ExactPhrase_2026,Core Near Me,handle,Broad,Ad group negative,Intent/appliance separation
SZ_Search_BayArea_Hyper_ExactPhrase_2026,Core Same Day,door,Broad,Ad group negative,Intent/appliance separation
SZ_Search_BayArea_Hyper_ExactPhrase_2026,Core Same Day,gasket,Broad,Ad group negative,Intent/appliance separation
SZ_Search_BayArea_Hyper_ExactPhrase_2026,Core Same Day,seal,Broad,Ad group negative,Intent/appliance separation
SZ_Search_BayArea_Hyper_ExactPhrase_2026,Core Same Day,hinge,Broad,Ad group negative,Intent/appliance separation
SZ_Search_BayArea_Hyper_ExactPhrase_2026,Core Same Day,handle,Broad,Ad group negative,Intent/appliance separation
SZ_Search_BayArea_Hyper_ExactPhrase_2026,Core Emergency,door,Broad,Ad group negative,Intent/appliance separation
SZ_Search_BayArea_Hyper_ExactPhrase_2026,Core Emergency,gasket,Broad,Ad group negative,Intent/appliance separation
SZ_Search_BayArea_Hyper_ExactPhrase_2026,Core Emergency,seal,Broad,Ad group negative,Intent/appliance separation
SZ_Search_BayArea_Hyper_ExactPhrase_2026,Core Emergency,hinge,Broad,Ad group negative,Intent/appliance separation
SZ_Search_BayArea_Hyper_ExactPhrase_2026,Core Emergency,handle,Broad,Ad group negative,Intent/appliance separation
SZ_Search_BayArea_Hyper_ExactPhrase_2026,Core Technician,door,Broad,Ad group negative,Intent/appliance separation
SZ_Search_BayArea_Hyper_ExactPhrase_2026,Core Technician,gasket,Broad,Ad group negative,Intent/appliance separation
SZ_Search_BayArea_Hyper_ExactPhrase_2026,Core Technician,seal,Broad,Ad group negative,Intent/appliance separation
SZ_Search_BayArea_Hyper_ExactPhrase_2026,Core Technician,hinge,Broad,Ad group negative,Intent/appliance separation
SZ_Search_BayArea_Hyper_ExactPhrase_2026,Core Technician,handle,Broad,Ad group negative,Intent/appliance separation
SZ_Search_BayArea_Hyper_ExactPhrase_2026,Core Repairman,door,Broad,Ad group negative,Intent/appliance separation
SZ_Search_BayArea_Hyper_ExactPhrase_2026,Core Repairman,gasket,Broad,Ad group negative,Intent/appliance separation
SZ_Search_BayArea_Hyper_ExactPhrase_2026,Core Repairman,seal,Broad,Ad group negative,Intent/appliance separation
SZ_Search_BayArea_Hyper_ExactPhrase_2026,Core Repairman,hinge,Broad,Ad group negative,Intent/appliance separation
SZ_Search_BayArea_Hyper_ExactPhrase_2026,Core Repairman,handle,Broad,Ad group negative,Intent/appliance separation
SZ_Search_BayArea_Hyper_ExactPhrase_2026,Core Mechanic,door,Broad,Ad group negative,Intent/appliance separation
SZ_Search_BayArea_Hyper_ExactPhrase_2026,Core Mechanic,gasket,Broad,Ad group negative,Intent/appliance separation
SZ_Search_BayArea_Hyper_ExactPhrase_2026,Core Mechanic,seal,Broad,Ad group negative,Intent/appliance separation
SZ_Search_BayArea_Hyper_ExactPhrase_2026,Core Mechanic,hinge,Broad,Ad group negative,Intent/appliance separation
SZ_Search_BayArea_Hyper_ExactPhrase_2026,Core Mechanic,handle,Broad,Ad group negative,Intent/appliance separation
SZ_Search_BayArea_Hyper_ExactPhrase_2026,Core Specialist,door,Broad,Ad group negative,Intent/appliance separation
SZ_Search_BayArea_Hyper_ExactPhrase_2026,Core Specialist,gasket,Broad,Ad group negative,Intent/appliance separation
SZ_Search_BayArea_Hyper_ExactPhrase_2026,Core Specialist,seal,Broad,Ad group negative,Intent/appliance separation
SZ_Search_BayArea_Hyper_ExactPhrase_2026,Core Specialist,hinge,Broad,Ad group negative,Intent/appliance separation
SZ_Search_BayArea_Hyper_ExactPhrase_2026,Core Specialist,handle,Broad,Ad group negative,Intent/appliance separation
SZ_Search_BayArea_Hyper_ExactPhrase_2026,Core Not Cooling,door,Broad,Ad group negative,Intent/appliance separation
SZ_Search_BayArea_Hyper_ExactPhrase_2026,Core Not Cooling,gasket,Broad,Ad group negative,Intent/appliance separation
SZ_Search_BayArea_Hyper_ExactPhrase_2026,Core Not Cooling,seal,Broad,Ad group negative,Intent/appliance separation
SZ_Search_BayArea_Hyper_ExactPhrase_2026,Core Not Cooling,hinge,Broad,Ad group negative,Intent/appliance separation
SZ_Search_BayArea_Hyper_ExactPhrase_2026,Core Not Cooling,handle,Broad,Ad group negative,Intent/appliance separation
SZ_Search_BayArea_Hyper_ExactPhrase_2026,Core Not Cooling,not freezing,Phrase,Ad group negative,Intent/appliance separation
SZ_Search_BayArea_Hyper_ExactPhrase_2026,Core Not Cooling,not working,Phrase,Ad group negative,Intent/appliance separation
SZ_Search_BayArea_Hyper_ExactPhrase_2026,Core Not Cooling,leaking,Broad,Ad group negative,Intent/appliance separation
SZ_Search_BayArea_Hyper_ExactPhrase_2026,Core Not Cooling,not making ice,Phrase,Ad group negative,Intent/appliance separation
SZ_Search_BayArea_Hyper_ExactPhrase_2026,Core Not Freezing,door,Broad,Ad group negative,Intent/appliance separation
SZ_Search_BayArea_Hyper_ExactPhrase_2026,Core Not Freezing,gasket,Broad,Ad group negative,Intent/appliance separation
SZ_Search_BayArea_Hyper_ExactPhrase_2026,Core Not Freezing,seal,Broad,Ad group negative,Intent/appliance separation
SZ_Search_BayArea_Hyper_ExactPhrase_2026,Core Not Freezing,hinge,Broad,Ad group negative,Intent/appliance separation
SZ_Search_BayArea_Hyper_ExactPhrase_2026,Core Not Freezing,handle,Broad,Ad group negative,Intent/appliance separation
SZ_Search_BayArea_Hyper_ExactPhrase_2026,Core Not Freezing,not cooling,Phrase,Ad group negative,Intent/appliance separation
SZ_Search_BayArea_Hyper_ExactPhrase_2026,Core Not Freezing,not working,Phrase,Ad group negative,Intent/appliance separation
SZ_Search_BayArea_Hyper_ExactPhrase_2026,Core Not Freezing,leaking,Broad,Ad group negative,Intent/appliance separation
SZ_Search_BayArea_Hyper_ExactPhrase_2026,Core Not Working,door,Broad,Ad group negative,Intent/appliance separation
SZ_Search_BayArea_Hyper_ExactPhrase_2026,Core Not Working,gasket,Broad,Ad group negative,Intent/appliance separation
SZ_Search_BayArea_Hyper_ExactPhrase_2026,Core Not Working,seal,Broad,Ad group negative,Intent/appliance separation
SZ_Search_BayArea_Hyper_ExactPhrase_2026,Core Not Working,hinge,Broad,Ad group negative,Intent/appliance separation
SZ_Search_BayArea_Hyper_ExactPhrase_2026,Core Not Working,handle,Broad,Ad group negative,Intent/appliance separation
SZ_Search_BayArea_Hyper_ExactPhrase_2026,Core Not Working,not cooling,Phrase,Ad group negative,Intent/appliance separation
SZ_Search_BayArea_Hyper_ExactPhrase_2026,Core Not Working,not freezing,Phrase,Ad group negative,Intent/appliance separation
SZ_Search_BayArea_Hyper_ExactPhrase_2026,Core Not Working,leaking,Broad,Ad group negative,Intent/appliance separation
SZ_Search_BayArea_Hyper_ExactPhrase_2026,Core Leaking,door,Broad,Ad group negative,Intent/appliance separation
SZ_Search_BayArea_Hyper_ExactPhrase_2026,Core Leaking,gasket,Broad,Ad group negative,Intent/appliance separation
SZ_Search_BayArea_Hyper_ExactPhrase_2026,Core Leaking,seal,Broad,Ad group negative,Intent/appliance separation
SZ_Search_BayArea_Hyper_ExactPhrase_2026,Core Leaking,hinge,Broad,Ad group negative,Intent/appliance separation
SZ_Search_BayArea_Hyper_ExactPhrase_2026,Core Leaking,handle,Broad,Ad group negative,Intent/appliance separation
SZ_Search_BayArea_Hyper_ExactPhrase_2026,Core Leaking,not cooling,Phrase,Ad group negative,Intent/appliance separation
SZ_Search_BayArea_Hyper_ExactPhrase_2026,Core Leaking,not freezing,Phrase,Ad group negative,Intent/appliance separation
SZ_Search_BayArea_Hyper_ExactPhrase_2026,Core Leaking,not working,Phrase,Ad group negative,Intent/appliance separation
SZ_Search_BayArea_Hyper_ExactPhrase_2026,Core Warm,door,Broad,Ad group negative,Intent/appliance separation
SZ_Search_BayArea_Hyper_ExactPhrase_2026,Core Warm,gasket,Broad,Ad group negative,Intent/appliance separation
SZ_Search_BayArea_Hyper_ExactPhrase_2026,Core Warm,seal,Broad,Ad group negative,Intent/appliance separation
SZ_Search_BayArea_Hyper_ExactPhrase_2026,Core Warm,hinge,Broad,Ad group negative,Intent/appliance separation
SZ_Search_BayArea_Hyper_ExactPhrase_2026,Core Warm,handle,Broad,Ad group negative,Intent/appliance separation
SZ_Search_BayArea_Hyper_ExactPhrase_2026,Core Beeping Noise,door,Broad,Ad group negative,Intent/appliance separation
SZ_Search_BayArea_Hyper_ExactPhrase_2026,Core Beeping Noise,gasket,Broad,Ad group negative,Intent/appliance separation
SZ_Search_BayArea_Hyper_ExactPhrase_2026,Core Beeping Noise,seal,Broad,Ad group negative,Intent/appliance separation
SZ_Search_BayArea_Hyper_ExactPhrase_2026,Core Beeping Noise,hinge,Broad,Ad group negative,Intent/appliance separation
SZ_Search_BayArea_Hyper_ExactPhrase_2026,Core Beeping Noise,handle,Broad,Ad group negative,Intent/appliance separation
SZ_Search_BayArea_Hyper_ExactPhrase_2026,Core Error Code,door,Broad,Ad group negative,Intent/appliance separation
SZ_Search_BayArea_Hyper_ExactPhrase_2026,Core Error Code,gasket,Broad,Ad group negative,Intent/appliance separation
SZ_Search_BayArea_Hyper_ExactPhrase_2026,Core Error Code,seal,Broad,Ad group negative,Intent/appliance separation
SZ_Search_BayArea_Hyper_ExactPhrase_2026,Core Error Code,hinge,Broad,Ad group negative,Intent/appliance separation
SZ_Search_BayArea_Hyper_ExactPhrase_2026,Core Error Code,handle,Broad,Ad group negative,Intent/appliance separation
